,keyword,X,Y
0,hazard_unit_state_hazus,87963.65007993902,136908.18818671274
1,savsat_district,84538.85158151551,128937.26025924653
2,transport,110493.8334768794,58054.68281916631
3,fluid_geochemistri,104056.81304123106,54328.56722760864
4,andhra_pradesh,139234.293770649,104704.78430401871
5,physic_environ,139276.66506392974,106257.4720050375
6,disast_plan,139153.7459849075,104791.24369806405
7,snowmelt,102022.7923995905,48723.49826925478
8,gross_capit_stock_gcs,102031.17201516268,48727.37340951111
9,bottom_friction,130293.466954228,53689.85630511752
10,england_and_wale,130544.57089942266,53882.014260237156
11,catastroph_theori,137955.74866335734,81965.80322077608
12,age_popul,130549.52063787504,53894.23972655701
13,insur,70130.77201848177,78106.56303324693
14,underground_space_develop,69342.0497374915,78869.05659223198
15,cordillera_blanca,86743.08493235949,108979.20810333436
16,benthic_cyanobacteria,69314.06406674508,78878.95339710852
17,fluorin,121865.4690892052,94128.04366106969
18,prescrib_burn,121691.57951115989,94303.06695286371
19,switzerland,126422.68649161268,75961.99179700983
20,genet_algorithm,76762.23527028367,66300.47353725065
21,environment_justic,85570.18694210716,104724.2642939596
22,cost_and_benefit,73462.80815819593,68071.35521399608
23,lymphoma,108986.79638209945,82737.6067255399
24,satellit_communic,111346.22216711089,86399.93240727231
25,evacu,98931.12822563267,69319.75192874833
26,emerg_cost,72150.04116279249,77947.41058257947
27,grid_popul,86885.77360672457,109161.64541880519
28,hec_ra,132668.1175460845,138121.95628147034
29,decis_tree_dt,89347.05750433031,112325.60349587756
30,xilingol,95905.73988495616,119168.58193934233
31,determin_of_plant_communiti_divers_and_structur,95726.1559435499,120110.05363646311
32,research_guid,91896.91863369792,116027.28181740569
33,cartograph_visual_hazard,90964.4837250622,115715.70595449868
34,neighborhood_effect,94275.81310447524,117524.90881345097
35,port,111132.95148110497,70927.18357322455
36,ecolog_manifest,67318.31458789346,72538.80761857507
37,sustain_tourism,102308.12422962811,130623.81653160279
38,logist_regress_model,69176.01170027196,73425.42814403135
39,bioindic,104307.46645117985,61973.16005982172
40,high_mountain_area,115329.755768793,77579.42124318643
41,geohazard,102041.71050233986,77159.83092548596
42,anthropogen_risk,85186.15960176918,125198.63150190817
43,settlement_suitabl,129677.39434526255,146387.34382734032
44,foot_and_mouth_diseas,72001.31994038145,131111.02172894488
45,multicriteria_decis_make_mcdm,71982.77695887693,131113.84453565598
46,predat_risk,141137.98906441394,132813.02119955752
47,infov,96784.65067391525,70174.04202057683
48,region_vulner,90490.62019501408,70341.83620465205
49,portofino_park,94663.63986840597,115860.72225062086
50,traffic_volum,148441.67115674636,125131.32381279027
51,integr_vulner_assess,96196.49538730316,118837.42232064813
52,shorefront,120420.56697870311,97080.68880721768
53,delta,79751.81992279389,68978.65970285446
54,sea_level_rise,79412.32077197562,69290.33719113107
55,gulf_war,91116.57194386235,95986.80288173394
56,mathemat_model,141340.36336682242,110367.501711807
57,apuseni_mountain,152212.23469548195,110354.20622243128
58,satellit_imag_classif,72268.65412921827,110701.12751878286
59,rural_plan_unit,152205.58172090718,110408.73562508883
60,alov,72528.78068889146,71314.70176139049
61,particip_decis_support_platform,62356.29038952856,87426.95455406679
62,3d_visual_analysi,103163.40372663457,142401.9177293668
63,spatial_misalign_data,103420.3413306353,142517.2926610071
64,alnus_nepalensi,103741.47874609509,142649.42354459857
65,meteorolog_disast,54266.54073040976,117193.08143107203
66,digit_shorelin_analysi,54311.894141870696,116866.27939508017
67,urban_system,54418.65113505436,111718.15906003473
68,electr_power,138363.3710451041,61917.255550106805
69,network_analysi,139684.07437464021,63239.49248799475
70,urban_climat,142187.48653209527,67279.92722913754
71,cross_applic,84467.53920951039,144931.76491830128
72,supplement_secur_incom_ssi,84467.47690256998,144931.9709533448
73,po_river,87366.50299423584,136470.26895169544
74,taiwan,92548.84802077341,71025.75586546061
75,flood_vulner,114810.06186975153,142949.91241656136
76,type_2_diabet_mellitus,145387.09084922427,127340.79228669185
77,santiago_de_chile,112435.0838914982,141312.03855173083
78,heurist,109611.45477613504,76549.98862766633
79,popul_distribut,111579.66278286168,89277.35657256478
80,webographi,120340.23033639188,97355.91368273702
81,katrina,121181.35284965215,93491.84555839929
82,governor,113808.25773019834,89656.63116991814
83,poecilia_reticulata,117549.975056345,91493.50974836263
84,glaciat,64499.19367139866,90520.26779937095
85,cardiovascular_diseas,58791.11843941476,86606.45916102218
86,chronic_hepat_b_infect,58337.766798724646,86540.52959426747
87,termit,111451.33912918522,84468.26208862806
88,european_starl,85067.4888042221,58855.851153709955
89,kashmir_himalaya,82294.8405278314,58856.1363864909
90,gis_applic,85170.61417967011,58511.028268829476
91,cd4,115991.62008240905,97280.79539202573
92,iczm,122899.18222392592,84978.33391458244
93,ephemer_stream,124271.19972125789,88567.59767128629
94,johor,126946.97134444083,63344.4872234977
95,histor_seismic,92462.4379277657,76822.85608400614
96,coastal_storm,91114.59751980098,133191.54028377167
97,bayesian_analysi,106171.60973382945,144482.57432616624
98,cost_effect,135371.8623873501,120047.06124625436
99,hurrican_storm_surg,65688.94454034037,120808.85715509916
100,hypsometr_vulner_curv,148426.05760585846,88390.65949249218
101,leve_effect,81034.69174302265,141178.94629087823
102,landslid_suscept_ls,77686.07949746052,142909.4724332359
103,time_seri_estim,81171.23342181506,141083.60677616272
104,baluchestan,88157.94031620356,68575.216691355
105,new_public_health,112716.26654504074,73802.09860612865
106,hydromorpholog,109934.72937968276,47446.08046700984
107,partial_correl_coeffici,109839.55376140292,47668.14139288536
108,road_densiti,66894.15265345556,84535.52209570669
109,"white_,_gilbert",67192.55865030647,85779.89292897205
110,mass_wast,66822.11486872312,83244.6618838517
111,hasc,93880.20673013128,74332.79717140824
112,structur_fire_index,88171.40423971579,82303.832696469
113,the_philippin,108594.4415886059,134241.7956035246
114,flash_flood_hazard,85217.42639127173,89021.08049456663
115,risk,85908.25401615896,125935.20841935417
116,saudi_arabia,102119.69172449589,78592.46404244898
117,algeria,92408.92205492669,83771.11395256127
118,hazard_ontolog,84694.76392914279,129657.39956974032
119,ecolog_disast,118320.94278015959,147424.65246960765
120,network_of_observ,86917.25217180199,134748.3694742159
121,egypt,90674.90004325543,48383.151865875894
122,logist_multipl_regress,88335.72746154791,49833.24918752218
123,hazard_zone,109031.44055816939,123757.73486199003
124,avalanch_map_and_protect,124599.64301671114,118123.40753909768
125,flood_risk_map,64833.66593195216,122209.46472717209
126,world_wide_web,98275.00821597526,104218.2931729384
127,flood_prone_area,146721.31250270345,91174.17072990049
128,genet_adapt_neural_network,99033.22426068936,104139.62332268836
129,soil,104301.03193724949,51119.40433159358
130,surfac_water,93408.0324100193,93186.65460245863
131,exposur_model,109471.27546276162,112934.50749659885
132,offshor_taiwan,93246.3168966507,93433.03607797781
133,wto,97497.56781183764,80268.35056647712
134,extrem_weather_event,93443.18127406535,98857.35522394393
135,spatial_distribut,97663.5932940384,79506.37927745626
136,bibliographi,113160.49489124752,72739.45609751219
137,territori_plan,84857.35952303032,66935.05463330567
138,environment_histori,105007.11224781566,69228.45323437544
139,urban,120894.50157260784,81804.19953954389
140,drought,95659.19241056334,78530.45859802005
141,consequ_assess,107493.42461337175,146509.16289419078
142,remot_sens_techniqu,132887.25117633922,132436.0675188239
143,socio_ecolog_system,107112.74680876062,146377.3409012846
144,tecton,123176.25421451319,89399.12178613129
145,slope,110283.30305210347,105544.57301324872
146,earth_resourc_satellit,114080.44138296544,55898.70770096945
147,extrem,97818.06947665449,79521.09339908071
148,network_disrupt,92655.82043185277,101527.32225085789
149,vulner_awar,107250.35517479345,146913.5735422936
150,flash_flood,127050.16361399491,141421.64800230993
151,ground_instabl,135508.95480518864,121833.16020304625
152,health_outcom,74888.23141021185,122505.83834819632
153,qualit_methodolog,135498.953944066,121820.35034537088
154,jeddah,120649.1249256504,94603.02181921537
155,flood,127889.1369286451,76769.11494646159
156,capit,94795.9891274486,67745.50826564344
157,infrastructur_vulner,104536.1391474038,137837.65530107284
158,time_us_survey,106771.7359997353,138953.9088818505
159,sediment_disast,129352.67414091394,137284.50463917284
160,interdepend_measur,106871.35085090065,139023.75796111615
161,geocod,120363.59404321725,97238.73503917948
162,sustain,86992.18876020813,71904.59733944878
163,flood_damag,74153.501098996,90423.81241555938
164,rock_mechan,129168.92772463657,138295.3268939328
165,quantit_map,75350.47154032583,123665.87730408032
166,nation_geographi_standard,72180.20579750344,123759.02608423628
167,hydrometeorolog_hazard,103233.692099922,105838.70140992392
168,social_vulner_assess,68647.93745184064,123270.21340741214
169,nonlinear,98586.76971105546,77436.60766387958
170,climat_chang,115922.65015144655,149599.55113754031
171,disast_risk_reduct,102845.04401758073,119294.8381614982
172,short_term_heavi_rain,120174.06678894095,147104.27095577883
173,coursework,120346.23811186715,97277.7658589305
174,canada,88036.83021926833,66730.9713121132
175,area_urbana_costera,106691.19813310228,77249.82387445138
176,race,92587.8950529057,83897.76391562978
177,hazard_informat,84651.77864602036,127785.76549968519
178,costa_rica,87990.84647728974,136959.35365253803
179,seismic_vulner,84607.26833022496,128058.20635202111
180,women,61119.65220336603,81616.73581082797
181,resili_invest,62388.4841773893,78390.57258330798
182,land_chang,137708.24670104426,140523.43698780984
183,veget_condit_index_vci,137717.95825990243,140480.6549783786
184,geograph_pattern,139743.8219498631,137438.66454189282
185,residenti_mobil,67278.69842633556,111764.84028444339
186,global_posit_system,98475.50542332564,102147.26999804206
187,social_vulner_indic,99960.8460617545,101526.49680770066
188,human_ecolog,71118.13434790625,108622.8531824299
189,istanbul,112924.21374002227,73266.36231741123
190,cultur_heritag,120091.20790429332,84383.8568234178
191,gi,68805.06577512134,62803.62361888007
192,natur_disast,110191.93193337909,107757.26565620876
193,natur_slope,114411.45098478356,128689.74577455511
194,betic_cordillera,139457.58703491383,116776.17424636068
195,oper_model,73338.61739394338,114506.16048767387
196,satellit_imageri,64910.75982371977,115822.136326136
197,ionic_ratio,73337.55800013372,114507.15825296917
198,inventori,129575.44154417806,84311.41130315512
199,immunosuppress,117256.9163519589,97507.3600659044
200,climatolog,123343.32220809438,92824.18012618992
201,arsenic,119648.97735293861,93032.35086611893
202,sociolog,120595.05174840215,96235.68846231973
203,moss,109929.17682027046,83126.91810993673
204,central_greec,84652.60847544545,59525.236833343086
205,traffic_model,84230.2456208881,85407.99788553275
206,coastal_geomorpholog,83839.84715645618,60536.32454641766
207,fragil,125689.46522757193,72760.6820756896
208,lifelin_behavior,118081.34787576876,130523.55793263082
209,real_time_kinemat_rtk_gps_applic,115311.67577763641,132900.54845550595
210,diseas_progress,119691.16121360334,128680.47670695948
211,databas_manag,115368.08392618634,132890.06719152883
212,trip,106758.7180800263,67508.44328414985
213,structur_vulner,90016.98806305858,75451.6773669038
214,territori_system,82622.23799963182,90514.62351504769
215,saltwat_intrus,105061.07481072232,136216.85062791017
216,crisi_2007,119374.39357310954,135259.07036336634
217,sphagnum_palustr,132618.44987812632,120063.04250690005
218,fuel_manag,132618.12293770566,120062.90123021613
219,regul,94997.82984269556,66749.10164912554
220,region_assess,110874.85825393186,70554.40546657913
221,avalanch,119731.86804721347,54522.51415889688
222,ocean_hazard,127069.4267181044,64429.97663072965
223,ip,119852.76612317815,67733.75955539418
224,fire_detect,116561.14968113748,132466.3200085878
225,monitor_and_environment_manag_method,126226.21985885907,127855.51721876586
226,coastal_vulner_index,127269.62569099604,127312.96598082001
227,manmad_disast,55189.49433150528,116248.40933255898
228,3d_simul_model,55139.82154974095,115995.15545659918
229,istanbul_turkey,102578.88523681537,106273.76476433132
230,seismic_hazard,55141.27186072577,115992.95979438369
231,venic,112423.67716259015,87659.79998119625
232,puerto_rico,90411.25744100867,58821.75377365343
233,subsid_basin,94322.55129553427,95358.99722473249
234,system_theori,113979.21630345979,130284.89807224242
235,yenisehir_turkey,94314.38709728555,95342.76770763972
236,ib,120319.4633736441,96933.57588845289
237,social,119458.37620919458,80408.2055148696
238,karakoram,120341.16224552876,97289.89880824511
239,salin,109565.62881799767,57910.07659955078
240,sub_saharan_africa,122410.83974581616,85488.06656331397
241,microcomput,109884.25428610013,71709.40956817337
242,what_if_scenario,117703.88566627726,82093.57580620502
243,attitud,117450.49072887469,78221.30320498081
244,caijiamiao_watersh,98888.56462875115,67106.2641726021
245,build_inventori,113431.7803634056,70797.89682484565
246,asia,88842.54454187307,68864.34252487562
247,cost_effect_analysi,105073.8508116075,155219.73998379585
248,risk_assess,131052.85867717172,147438.00398796782
249,pole_inspect,138721.2785316892,137873.9138321561
250,shallow_landslid,67471.07116503094,132704.06345691084
251,volunt_geograph_inform,137248.7853266009,131877.71100020094
252,spatial,91122.94466485525,76416.16224258246
253,coastal_flood,71050.28774006857,116256.39354528935
254,drink_water,60770.2766838402,119944.7457112582
255,heavi_rainfal,102784.07540712012,105694.02334967599
256,pinus_albicauli,137912.36062635126,97680.01903369455
257,multipl_patern,144949.65972137952,93086.79288052622
258,geograph_healthcar,137912.89760732348,97679.82223035667
259,rita,120633.22337447855,96161.59194419287
260,subsid,124478.41583090744,89651.44622963776
261,dem,112592.60720454613,50746.34530770923
262,ground_motion,140049.06944798742,141581.69154578962
263,risk_evalu_of_hazard,72628.58974365708,131746.73944567723
264,emot_connect_to_place,140070.20742082584,141530.5400275151
265,luxi,118822.9609048923,83515.91881502594
266,terrestri_radioact,118643.1258232939,88949.2326385975
267,liquefact,123527.69298274841,93109.55768265283
268,lesa,125752.7659695652,88385.54324646873
269,rainstorm_waterlog,93882.6985672897,82140.07855794506
270,geomorpholog_hazard,82317.86448841527,107790.79910885531
271,new_orlean,92651.9101982392,132781.29980162627
272,remot_sens,126767.45125125686,116869.56877958492
273,geograph_inform_system_gis,66902.21719589041,121106.43355735886
274,critic_facil_vulner,64935.04279508462,121412.13347605144
275,fuzzi_relat,125310.63676447426,116435.5237728673
276,fvi,117993.83080528739,71489.6390826633
277,anthropogen_geomorpholog,93356.465181548,87333.10200902201
278,land_cover,104371.52933896933,153939.46008035407
279,risk_distribut,127917.33028227925,147378.26925268525
280,volcan_erupt,62828.269870543154,113820.26615308145
281,disast_emerg_and_relief_oper,62571.34089565396,114676.10203481143
282,region_risk,70773.56748183822,130661.813687043
283,hazus,121608.82521221806,95208.7336909771
284,pacif,117975.49557960243,89947.2419222875
285,kosovo,122341.88121352534,82623.41746035649
286,habitat_satur,111883.56204528679,62326.62122528177
287,ephemer_channel,98974.28120588693,54847.83811749282
288,fault_zone,106323.53262962235,133375.05421261193
289,spatial_smooth,143791.34655252116,123940.8945857924
290,defens_countermeasur,141130.9312673353,121235.08175686006
291,cancer_risk,74337.51966469214,114177.50355130795
292,southeastern_us,100647.4673277421,105544.99891372386
293,natur_disast_prepared,103074.62790808368,105266.35154225264
294,geograph_perspect,137477.42778179605,98052.97085763728
295,emerg_respons,145258.4155611521,92784.33846467921
296,instabl_process,149083.69932328782,86038.41673914476
297,natur_resourc,79475.6328982374,142194.316929488
298,ir_liss_iii,149313.01629324313,85259.57940361455
299,elder,61692.33123058012,74817.99784072624
300,multi_criteria_decis_analysi_mcda,61990.78874906676,74463.07809008802
301,physic_activ,78991.84782193432,61104.88193984036
302,lahar,123603.430860093,91918.04231002012
303,florida,112198.00082353415,72161.628806079
304,lead_tim_bias,118082.68425817639,83216.85812143293
305,scenario,98007.70468072344,78055.20868583667
306,global_warm,123768.81740113138,63277.55837269241
307,texa,120414.79914711462,92250.79425400279
308,caribbean,119376.9516376545,91073.31040517209
309,precipit,98887.94987602122,78792.65351444781
310,emerg_plan,124458.72548368009,64045.481793728904
311,estuari,120562.92123062484,92850.67871321537
312,hydrochemistri,112634.75097706873,110513.2748052899
313,slope_movement,110268.7248283482,105572.57901206116
314,sludg,119297.3271868384,94543.62688443594
315,dinsar,122655.82164053146,93990.66725475181
316,age,77320.3154305455,82829.64348229699
317,larix_spp_.,108522.65955093571,92791.98984340315
318,ecohydrolog,94256.97863424635,85146.828175826
319,scenario_model,97657.85760181234,77777.32388128515
320,gar,126426.14364237337,84433.56710844037
321,likelihood_ratio,127300.1538092134,86814.2519972368
322,interdepend,121125.34491632745,94093.21690969876
323,slum,110840.00072399329,81114.03282868658
324,"orissa_,_india",95231.82398446792,68458.71931441981
325,vulner_analysi,92334.13263447159,128914.24657479687
326,disast_manag,126050.39664770316,140207.16781350574
327,wildland_urban_interfac,93630.18112464448,130150.36436499981
328,clay,107671.94997619186,57497.96752675312
329,river_restor,96067.26661685079,54859.51190800662
330,induc_earthquak,91509.4734706726,91873.40543953095
331,eman_coeffici,145708.45879327497,107014.24031179954
332,grassland_fire,149961.08178240666,111062.68133986293
333,earth_system_scienc,146181.0067733182,107657.25657601804
334,germani,110794.58052632809,59739.931707512515
335,gas_grid,138232.7639694782,107592.82052728518
336,cyclon_mitig_and_manag,138229.63228385354,107630.60507837738
337,jilin_provinc,147929.47225047142,114338.97396668608
338,snow_avalanch,145240.91635376454,114811.73883199599
339,forest_manag,88544.25796215088,113585.32576212584
340,freez_precipit,94423.78497724367,105440.06115354084
341,protect_mountain_area,135559.81709625683,99452.65182809919
342,panel_data_estim,136951.01076040152,98522.51771760402
343,natur_forest,131719.07943371683,102063.33230251119
344,cryospher,120427.16472974207,96891.66563512942
345,cultur,119993.76928435282,89461.52708966963
346,relief,97470.01635028486,59594.78035797708
347,bivari_statist_index,128610.92995164957,73143.20947616463
348,cascadia,60623.150301530804,90147.448603418
349,no_build_area,60602.748878184604,90129.53215658198
350,cluster_map,91694.92593873662,124832.81523498362
351,intrins_vulner_map,60788.22466803999,90243.42590702511
352,tsunami,129334.87017479539,79574.42091441764
353,cartago,121207.49599419895,61407.55700053992
354,evid_combin_rule,129625.72180119116,80106.88810042397
355,mitig,74677.47064961797,73380.85638460303
356,logist_predict,111192.43152609725,116898.94339638676
357,soil_eros_model,92357.20703693666,92964.9972869438
358,seroconvert,102006.593645651,48760.313110305964
359,multiscal_model,95212.14698559938,47187.75599086341
360,hong_kong,102044.91433321181,48768.02948119005
361,assess,127981.28687110482,71689.48945497756
362,vulner,117457.07494144201,76849.14515347069
363,algier,120381.91173075378,97144.25891453988
364,amplif,101125.40326951865,68529.7435718326
365,socio_demograph_vulner,96432.68046304156,67411.99006971995
366,transnat_research,92021.87322487259,130462.41079467468
367,hurrican_relief,112170.12436176027,144329.68283703332
368,ivan_gam,128180.89329661829,139273.09897752738
369,coastal_hazard,69047.61551729523,123588.446843546
370,yangtz_river_delta,67399.69255975258,123880.09433688495
371,academ_affili,59506.26005320893,114389.54633550988
372,factor_analysi,137905.70323253408,98408.92854942082
373,weight_of_evid,148167.96456186255,88197.33452924083
374,analyt_hierarch_process,137680.3442812829,98537.33986594675
375,rize,95920.61632497884,82623.67488068706
376,long_run_econom_effect,95666.26317722502,82660.65981622745
377,leishmania_major,116056.49203973514,55267.994235042446
378,cyberinfrastructur,80404.4884075641,65170.26523025098
379,environment_variabl,73200.67727247068,67556.3408900354
380,activ_index,79471.99138404557,65072.51045275494
381,vancouv,120627.36445942253,94256.02322804122
382,ontolog,98037.72027659618,68820.77248715161
383,coastal_zone,90125.84717287711,103290.42900945643
384,sele_coastal_plain,108124.73667349998,131048.16173217054
385,southeast_asia,146396.08415707469,121610.10049821719
386,popul_and_environ,70836.43406534134,115478.332938504
387,soil_suction,75069.80527750702,110140.25278562805
388,air_pollut,135661.00268830487,99185.51271158016
389,multi_hazard_zone,79793.19627326152,108119.23164653106
390,gender,103145.47197990358,68194.67826975376
391,seismic_impact,83899.3973986656,111725.05063919754
392,hazard_manag,121018.60070034704,144318.68329222058
393,network_vulner_analysi,126596.1592408468,141157.42868396314
394,wave_energi,71105.13056407816,124233.25635393454
395,post_disast_reconstruct,68744.81362274171,124606.13670734272
396,srtm_data,59961.04349795671,116181.40762906495
397,social_work,68722.07227613678,124610.85264618497
398,surviv,82289.43413284296,79669.47912796786
399,social_contact,77400.21314231491,81524.41736804495
400,cliff_failur,100491.00611021683,141581.55170915098
401,glacial_lake_inventori,101967.59655922315,140718.78540860128
402,visual_risk,139916.0192348966,79943.38564132138
403,?_?_?_?_?_pca,140054.35810099918,79993.44994865349
404,landslid_inventori_map,71191.06837013847,119072.5903854619
405,place,98911.60168435892,64891.45677047793
406,integr_map,100883.44614221742,140702.433710566
407,specif_vulner_map,128147.3142256721,133601.06278867892
408,natur_disast_risk,101127.97981747166,140856.1059725124
409,mortal,77525.97241786121,81851.53329460394
410,two_dimension_matrix,92648.15205100825,148044.62624938897
411,flood_hazard_map,114774.5181919659,123139.97616642268
412,north_anatolian_fault_zone,114774.3583755976,123139.60867638553
413,hydro_informat,110754.84764699885,120795.56970457525
414,parallel_comput,139839.85336703647,80563.53692834005
415,drought_and_waterlog_disast,74173.70559131671,123901.63750508495
416,calabria,81295.9314358855,65328.66496215507
417,environment_anthropolog,70486.7457022488,69477.27550009325
418,water_suppli,66661.08236936294,73296.00739145087
419,humid_tropic,144108.3794395124,120043.62979414928
420,geomorpholog_of_mar,144304.3445362853,120094.15787841192
421,featur_select,144115.0605844309,116034.99661580789
422,natur_break,79262.1961892405,115936.21956089885
423,livelihood_war,134383.14688075407,100254.21323513702
424,ecolog_disast_risk_index,142900.86288844794,92770.46126313525
425,analyt_hierarchi_process,148688.60041399338,82257.59330975445
426,numer_weather_predict,148773.46334030593,81744.5462337464
427,develop_countri,147999.10182470962,84378.77680678944
428,catchment,104936.74220592862,154828.59244785836
429,disast_risk_assess,85591.3911292577,126183.12211435534
430,insulin,93940.3353696149,68667.80172921014
431,wildfir_potenti_map,122249.64671101085,75331.57860917211
432,suscept,93677.54859663521,143866.53294577144
433,flood_vulner_index,94919.95732714851,144396.10776395202
434,critic_infrastructur,119950.68281705568,146816.31227243922
435,devast_earthquak,142638.1589418119,128112.01101874649
436,intens_care,120070.63943329654,146757.2373605355
437,welfar,114952.12857770301,63181.30270705881
438,geograph_technolog,99213.09805260677,131660.95595127583
439,anthropogen_impact_on_coastland,99318.48439322424,131787.91305776592
440,inform_backbon,105467.02468023551,130425.37341192111
441,egirdir_turkey,58142.723019009376,123138.28519170807
442,differenti_sar_interferometri_dinsar,58138.28429251782,123135.90988466574
443,geograph_analysi,100930.383922489,105304.64482407564
444,persian_gulf,148407.61797214026,86727.80240842466
445,carbon_captur_and_storag,131590.58574413048,102264.29463193352
446,arkstorm,120293.47800632793,52851.308495765414
447,landslid_volum,101362.55003223637,52986.22656132799
448,landslid_densiti,118426.99332845362,52209.372289205654
449,highland,109921.4432828977,70380.54589481576
450,human_settlement,80196.3399670624,66084.42113994935
451,geostatist_method,80521.93891205432,106583.93663829936
452,fire_hazard,127933.7889733316,146264.92004910475
453,digit_elev_model,81137.66065821059,107317.34303810212
454,grid,111044.5666329808,65340.54383043836
455,consequ_manag,139076.76301867748,125541.68744559666
456,spatial_decis_support_system,139079.27756005438,125482.5290481772
457,satur_index,64224.71864416167,120024.11165083632
458,contextu_of_indic,61320.930135482195,120368.1322164547
459,gas_pipelin,102431.5569835051,105782.09921948424
460,three_dimension,61315.38138143351,120367.05852304376
461,lepidoptera,85219.2036183126,47938.48173405637
462,analyt_hierarchi_process_ahp,84698.11962368179,48366.64140918626
463,european_polici,91236.01787636444,47962.55083064039
464,develop,100735.96390469959,67334.35192711366
465,mental_health,73945.05909154,76068.43011809894
466,intens_scale,80582.08121158263,122731.89169202994
467,flood_hazard_and_risk_assess,72325.68799247354,127026.60596573688
468,intern_displac_person,70598.81138781099,127507.03307497627
469,systemat_review,145742.25302206358,150087.2352481205
470,pacif_island,144936.65300113295,147556.90337642896
471,agricultur_drought,145742.1398930635,150087.10405459898
472,citat,111331.17363948548,71076.01359009126
473,ecolog_tourism,120887.01305383297,82899.76109806255
474,serbia,104057.6993994118,64968.60191456411
475,integr_research,76415.33128161429,72413.07992161838
476,critic_facil,102319.01418822915,64797.996645099345
477,iran,82646.7853324908,88904.38673097728
478,vulnerabilidad_de_las_instalacion_critica,82789.31630403521,88659.47844301099
479,ground_movement,73396.1890850341,58860.1066294096
480,shanghai,85906.35402806991,128315.38151173813
481,geograph_visual_risk,134839.85909006378,144591.44954225616
482,space_tim_inform_represent,75099.94670396649,130943.16959462721
483,multivari_hazard_evalu_method,75098.43327455664,130940.06777107887
484,shandong_provinc,136858.21599086508,130104.74720837806
485,arcmap,111677.96227254225,71911.3017960167
486,urban_poor,93308.94679964815,93656.93098630097
487,soil_eros,146775.3365673658,112352.01152073467
488,geographi_of_natur_hazard,146704.10963705764,112433.37126993432
489,risk_analysi,140302.60610836162,113681.65218428399
490,stakehold,103879.79989287135,66705.98856078504
491,spatiotempor_approach,100948.81696942773,139119.7315821288
492,desert_shield_storm,103088.74733829992,140008.92423313772
493,earthquak_hazard,99269.44958899847,138147.74062010163
494,kuwait,129198.27996780272,70250.14748377021
495,neotecton_map,129868.70258994921,80498.2043011265
496,marginalis,109188.96403311117,77427.38977183161
497,popul_island,93940.40969878291,72422.22543338808
498,geograph_inform,92484.16855884908,110480.87684450243
499,onshor_taiwan,145914.7290674939,126837.96255200854
500,disast_risk_index,144718.00377309538,125276.92346749608
501,sustain_system,146208.3478037491,127344.40444114142
502,resili,118395.12279032246,80585.28661220812
503,wildfir,123586.49785388415,91694.75821299704
504,restor,120280.4819968471,94060.39389161265
505,victoria,114554.75230643894,87775.94952763878
506,geographi_teach,119005.6100816958,89945.35976948478
507,climat,122751.67470103884,81080.60463672836
508,tibet,90741.87731270485,134389.33601232313
509,spatial_relationship,106023.5785116048,143834.81429314267
510,hazard_cours,140342.8947994139,124345.85171599318
511,slope_stabil,64923.09138803114,119254.2160257751
512,global_loc_relat,139856.67955154064,122501.04682613871
513,epidemiolog,95487.82579985756,65598.81264998582
514,social_accept,78784.64900098709,66618.83561249197
515,cutan_leishmaniasi,76959.57947371244,96938.92631045466
516,climat_variat,119673.19146762649,143589.63062727128
517,flood_suscept,134447.46689921705,132915.23954568215
518,geomorpholog_map,83827.69771460563,121314.48269470487
519,sustain_develop,58913.14243976044,112110.48194555746
520,mass_movement_mm,134259.79076441756,100812.91921338698
521,bivari_statist_correl,58777.35500759175,112531.22627639378
522,bushfir,121073.97498431399,93970.2949677564
523,china,115665.30888700567,86874.82346856254
524,geovisu,91154.95822990031,77617.59043717437
525,seismic_hazard_analysi,83888.79556436017,97013.41202740485
526,land_use,95742.2293751097,144782.06372331403
527,eucalyptus_camaldulensi,123412.30784417436,143781.98934202222
528,integr_approach,125784.1852594545,116679.18053510058
529,headland_and_bay,125162.30680623802,142846.64471344053
530,reinsur,110698.9150760697,95654.18607699944
531,hiv_seroconvers,61793.33088752161,87991.72648067845
532,decis_support_system_dss,61798.296633333004,88003.02720253941
533,voellmi_rheolog,138251.86404688752,61420.7225059776
534,hec_ra_hydrolog_engin_center_river_analysi_system,54702.11770860868,112625.70162006767
535,terrain_analysi,138252.28336246166,61421.95238294167
536,geograph_differ,139071.7204542838,62226.009068322426
537,wrf_nmm,138252.28833963725,61421.9477153174
538,leakag,120576.52330439468,94515.93310745592
539,death,114515.62493220849,98571.19597367907
540,aquif,123292.81146450697,89593.07111007639
541,disaggreg,59424.158786725624,87050.44625225752
542,coronari_heart_diseas,58337.97314590349,86370.4528046077
543,opportunist_infect,60331.58103727731,87609.89841620001
544,mgfri,132210.67463219093,80031.52278791147
545,fuzzi_membership,90862.32001359625,46264.486503274755
546,fuzzi_logic,85624.19359236669,47273.987888811214
547,distribut_function,90717.28978626138,46309.96278769069
548,agricultur,121765.83951217568,82726.02125108906
549,piemont,101872.59914079707,129747.74642907151
550,earth_scienc_data_base,102063.21790572924,129758.53008764969
551,natur_phenomena,102063.67059310351,129758.484569779
552,cirrhosi,61478.04256530457,88497.40269638579
553,wenchuan_earthquak,58186.5091859082,85030.07155891029
554,central_liaon_provinc,60534.46356349703,87244.45089541607
555,riverin,92424.53283140951,83346.5433995011
556,hazard_identif,84582.1224303922,128467.23352951683
557,hebei_provinc,92360.53601823644,83276.9224628339
558,sydney,90747.75768372898,134436.17130346788
559,spatial_refer,105153.9070169417,143295.2252529596
560,geo_informat,72218.72786643152,115783.36826027081
561,super_effici_dea_model,148264.00107686664,88485.57793319205
562,hazard_and_vulner_analysi_for_railway_line,145294.7807478293,92735.43272829377
563,ioniz_radiat,137900.2417927462,97724.29639219647
564,resourc,121389.90127563533,82261.32515747036
565,philippin,120439.96531764168,93067.7927111773
566,sweden,117303.98408023886,71224.64412460364
567,socioeconom_factor,82479.83047361698,67951.08391846324
568,predict_model,100064.3844668571,129447.20661588809
569,electr_power_outag,103856.46058048365,133113.82394712587
570,avalanch_hazard,127402.3515280709,126356.86235110468
571,zonouz_plain,65297.844462683475,124308.85795619703
572,non_point_sourc,127239.22518647357,125767.50219169968
573,periurbanis,120317.74000951278,97388.54968214592
574,nurseri,120386.43149863766,96843.90184182365
575,bioassay,93453.85965970013,92986.6953319078
576,soil_termiticid,108713.9113220618,111845.37213627822
577,chang_detect,139250.69832235627,112411.98026245568
578,movement_type,146683.30424849526,111991.97136065351
579,geo_referenc,147695.63390458864,110807.0313167782
580,sea_level,78509.65249828318,108089.34091516638
581,high_perform_comput,111934.91782753837,107423.5400915449
582,spatiotempor_pattern,78569.08793787193,107890.75290270869
583,determin,52640.0253115922,94542.58519888468
584,econom_adjust,54286.995701124906,92066.22906218386
585,concentr_index,66937.68247658708,95884.85589237165
586,logist_regress,91164.60127096916,115672.52191916744
587,environment_and_natur_vulner,91159.0813830112,115671.74683480247
588,shelter_capac,62292.317764005245,109005.18252982634
589,natur_hazard_distribut,62141.76600527029,108906.71456286707
590,spatial_hazard,141080.66313814677,100033.98117291297
591,northern_eurasia,141895.39429153176,98769.90970083687
592,impact_assess,141080.40231759904,100033.94148810046
593,chennai,58390.20226328892,69084.54175806766
594,induct_and_deduct_reason,59024.031458095465,69049.2434628173
595,health_dispar,58975.65219143992,70698.07804123081
596,eu_polici,59257.31260508587,69064.35233070311
597,java,87389.27119416915,53770.4725728744
598,multipl_correspond_analysi,86587.06848268019,55066.34452298412
599,geo_environ,95452.63344276359,124978.33845107001
600,integr_environment_assess,96772.92018839339,126557.20968743763
601,behaviour_geographi,93264.61651397377,121459.21323501098
602,aster,122458.09243332446,92755.42806489223
603,particul,119036.27677492991,94550.16334135225
604,yangtz,123685.20260791486,68883.71715803482
605,suitabl_assess,128828.3440662463,74220.27776554886
606,mcda,120397.27786361652,97285.92624601464
607,dpsir,74731.26964445655,90889.40464088434
608,environment_plan,98653.17109895122,131564.83035391633
609,structur_geolog,74838.49569455937,91224.98216616508
610,ndvi,57957.51634958407,69185.87649295476
611,rbf_and_idw_algorithm,58301.58643619118,69332.09486086726
612,environment_hazard,58036.234800918726,71133.09496411424
613,synthet_index,105454.4656330775,118741.49294142272
614,oil_spill_pollut,118500.9542531189,118757.30035617814
615,multivari_statist_method,77880.27402798997,114662.75447512988
616,forest_fire_manag,141502.24027877042,98414.21936337012
617,relat_sea_level_rise,141501.4145877713,98414.22237104013
618,inform_technolog,70552.70350586499,108405.039997658
619,prevent,119122.26938026525,94588.68692460663
620,lightn,116150.338261709,55191.767898622136
621,school_safeti,94232.29304329157,83256.28160955042
622,data_integr,92285.27463666364,90519.36320379467
623,activ_volcano,94065.1513416177,83532.17248701834
624,romania,112420.67875878798,69367.23249695376
625,physic_geographi,76283.32444369525,69155.4351566396
626,knowledg_represent,76858.72607339962,83582.66739848963
627,sediment_cell,100096.44840306531,130141.4827267796
628,later_spread,109414.99067702901,131985.03832981226
629,qualit_hazard,132848.72010068138,121527.81875061023
630,coastal_engin,102034.99726676199,105320.68159762686
631,risk_assess_matrix_.,132671.78399359132,101395.38210461989
632,vulner_of_societi,134423.22169868648,100455.21662374068
633,vulner_matrix,103596.67180745865,105150.40205836708
634,itali,115691.2138160206,87475.5308541815
635,ciguatera,120451.92348574582,96844.75186768732
636,inequ,96160.99003801553,69026.30268663575
637,coastal_area,90897.77247259302,105643.50697258863
638,indian_himalaya,112213.15013332799,131471.5792800239
639,aster_dem,149431.8888772789,122602.78348955952
640,pacif_northwest,144683.22322893472,120271.71734990907
641,topograph_attribut,149425.9096704144,122608.07739177608
642,class,129278.71357593249,88620.33196940136
643,basement,91921.79355829948,83537.80348066053
644,hazard_map,99162.40113888177,146995.66052610913
645,port_au_princ,115419.74030017745,147366.8054003115
646,technolog_disast,94149.2032711864,143488.07709261094
647,morphodynam,121598.08688301232,95005.63160026117
648,chile,111657.79123976987,53846.38542970323
649,light_weight_aggreg,81711.6977032499,51347.197025035144
650,weight_linear_combin,80154.86474295911,52018.77199565117
651,disast_respons,91794.30738804583,108631.74287239235
652,3s_technolog,103625.50435340377,118632.23490095891
653,environment_pattern,80892.07456785154,114309.68804066691
654,index_of_entropi,79861.83632791368,114501.02097367267
655,predict_curv,71726.24455793152,111727.174472665
656,drug_user,70382.49082728065,107952.92742676185
657,nation_scale,140659.3896887848,98295.73902610669
658,urban_form,145143.63185049494,94062.3243019479
659,carbon_dioxid,148295.10180328667,89264.21087063514
660,uncertainti_principl,149212.81557999257,85384.04298448598
661,appl_orchard,81078.95866285966,141508.84022835508
662,cultur_geographi,79548.34313194218,142298.9247345498
663,healthi_human,81078.95062660938,141508.857409487
664,determinist,127625.74132836568,64072.78651045408
665,volcan_tuff,86895.0756675083,90835.65957576214
666,hiv_and_aid,86730.45107381695,91971.32028994775
667,flood_model,97908.04523631238,129229.57020272998
668,water_control,132884.3730054585,118975.58245517599
669,fuzzi_comprehens_evalu,57218.23268207821,120614.1606979304
670,multicriteria_decis_analysi,56510.698330945794,120529.52806941577
671,habitat_manag,126518.27537299512,105408.17808862856
672,acquir_immunodefici_syndrom,56020.53635823295,120279.65111488974
673,middl,115758.80376868701,80905.8626620798
674,digit_cartographi,117875.8787001455,84122.5980641421
675,disabl,83596.63351246776,76163.98188614532
676,destruct_of_disast,85601.87310493134,108461.740063023
677,land_us_plan,83918.27928224544,75656.33966249673
678,morphometri,119814.12088926451,52763.520264808925
679,landslid_frequenc,101454.14964259572,53366.05199114273
680,fujian_china,93812.771719764,142578.14226393838
681,urban_develop,119670.33218965352,146588.6410747011
682,beach_profil,142304.87124825735,127894.68535572194
683,evacu_facil,131421.8156203363,117730.60383724255
684,kernel_smooth,142306.11439182845,127889.02598839274
685,valid,84130.72083541751,47625.96521619888
686,gross_domest_product_gdp,94287.15091181587,45680.7116840887
687,downscal,84852.65098639322,128197.15525217842
688,eros_hazard_area,85079.05939971244,128315.90952804689
689,diarrheal_diseas,98414.6155150566,141934.38564354077
690,loss_ratio,85203.88907263655,128251.76585001733
691,dendrochronolog,120937.00132232401,96608.9824989697
692,metal,105746.80690737946,54140.089491861974
693,passiv_sensor,86300.75697902769,52314.670149567064
694,region_plan,70737.7547757878,65765.62660466442
695,southern_itali,112094.75552678076,111373.230146263
696,scale_gis,147638.44152863717,111380.84755215907
697,disast_inform_system,90653.83679249763,111365.7769276684
698,hurrican_katrina_damag,88660.6875691801,111409.28090868185
699,krige_map,98419.59634115458,111500.60471788739
700,type,88651.33113300952,76971.33701336323
701,build_construct,97029.14973784745,111961.2311709599
702,unstructur_adapt_grid,88313.35637325137,76795.03677501551
703,map,129668.6833661106,70846.81372863107
704,highway,102422.176320989,69194.03798859222
705,socioeconom_vulner,78426.89736048218,86202.1241053358
706,hurrican_hazard,93476.47024426752,131657.53015391013
707,index_system,115120.81129079248,144500.14687032008
708,activ_sensor,115121.29652913714,144499.669515974
709,prison,120523.5097815393,96454.45866329549
710,hyogo,120452.67126446597,96850.86651614464
711,bombay,68304.18031378741,81831.72149235706
712,prevent_and_manag_effici,68328.75656737367,82104.97252966983
713,decis_support,109707.57027211766,137870.22958470625
714,visual_basic,133918.30681841567,133027.75144497037
715,subsid_risk_area,112021.65151065246,138442.54717654915
716,nicaragua,113786.34095802323,90931.5998521593
717,morpholog,126316.71899174117,89717.29008203246
718,geostatist,64749.098517791404,56303.879583208494
719,water_manag,68754.18757710712,72718.7283975287
720,public_percept,107030.01836551615,138832.4690990758
721,mitig_polici,126353.33712108817,138869.83392563974
722,torrenti_process,63278.823069666796,124796.76691033735
723,feasibl_general_least_squar,63265.77442503871,124790.79177578446
724,safeti_manag,138004.90267779958,97623.8199363029
725,unesco_world_heritag_site,59362.54143650885,114178.9203859776
726,margin,65977.91501733457,89657.79181467708
727,histori_of_geomorpholog,65994.97616323497,89643.28091526983
728,meghna_estuari,66224.48282615792,90927.06090384883
729,water_cycl,66054.95500944895,89615.68964280655
730,domain,102698.8535375507,154470.14874589653
731,risk_vulner,108295.04015636256,155520.36279759608
732,roc_curv,134115.86319090278,127916.90700817626
733,age_at_menarch,133402.09169983008,146731.27459214925
734,anthropolog,123534.90824892685,67918.37904415201
735,predict_system,83047.39556879463,97163.84056122106
736,physic_process_factor,83560.62082115276,99181.03106464619
737,wet_spell,81980.74043319939,93785.169274016
738,eros,108458.5447418567,52983.11706803671
739,co_occurr,106295.6861699185,115778.58769576182
740,critic_care_nurs,108052.67844354501,117416.28868050338
741,pipelin_system,103419.29317139914,111998.2373825354
742,domin,111449.97241211413,77648.37537908906
743,van_citi,100560.42753534405,56318.88073846503
744,hydraul_geometri,146323.89802892032,108033.34819991299
745,radon_mass_exhal_rate,150318.47746347365,110848.01427567942
746,multi_factor_fusion,150206.0735334789,110970.29122941695
747,clip_stage,150799.44018513116,109246.2928228412
748,magnitud_distribut,150206.21376147473,110976.30607312509
749,morocco,64282.8859753868,56186.13730455542
750,water_govern,122585.43093148893,82031.077178308
751,gis,103151.15113052745,58462.787964260984
752,activ_learn,118670.07378275602,63195.63543624273
753,hydrodynam,97683.7425182464,58484.20348200986
754,geograph_inform_system,117739.59253366542,62659.693991668035
755,twitter,120739.56815684386,96044.31184775752
756,permafrost,125995.24309167582,65388.85338876571
757,accid_analysi,107110.7113325001,59770.77458349671
758,orograph_forc,86759.14431144348,91399.70213024954
759,landsat_tm,99814.41714138813,129863.11609162706
760,chronic_hepat_b,86555.47692782021,92236.80978075536
761,guppi,129723.17645932901,73362.70648470618
762,hurrican_katrina,129422.38999459193,80216.58096339932
763,simul,93268.48177599101,45413.427626177414
764,bernoulli_trial,88790.94214475951,47038.96499287678
765,local_peopl,86981.12800833493,101977.20848687991
766,terengganu_watersh,105889.41808889857,121910.3150454043
767,normalis_burn_ratio,87368.95676211464,102972.44613257203
768,iraq,120423.10420378183,94678.58459533185
769,signific,88292.73293576328,69147.81734725168
770,urban_abandon,78536.9373515948,94069.44330907593
771,seismogen_structur,80950.06860119732,100299.27178180855
772,runout_behaviour,78546.39111214648,94076.42272457786
773,amazon,124454.97866063465,76963.13399835528
774,precari_build,118371.36080104885,69575.0087370761
775,terrestri_microcosm,124213.90239220958,76829.8932244594
776,public,68396.71281000116,76134.22010605386
777,human_capit,71040.2345416661,127553.37902441052
778,discours_analysi,125863.76609594867,106287.20153621011
779,bark_beetl_infest,126859.04354264466,105861.02454350024
780,risk_communic,147299.35289153238,83881.50341220314
781,bayesian_hierarch_model,147482.23201933512,83547.19905392213
782,hazard_indic,147978.67843286955,81312.78504939577
783,arctic_region,149889.44981904654,78912.2123678819
784,climat_impact,136946.76700344365,93762.66225896229
785,manag_system,76141.62806904357,146387.74516004574
786,hiv_diseas_progress,76016.80613334088,146575.0541690446
787,natur_radioact,76505.92689177969,145805.3288119851
788,ecoton,120479.55237634883,96746.20583856781
789,transit,121405.93287341566,94430.29869003789
790,web3dgi,86243.59291095812,72172.88297418276
791,feder_disast_polici,82993.53857915702,73676.20281894876
792,cumulonimbus_convect,108745.24027415359,141358.65462369355
793,neural_network_model,134667.76216865142,135087.46712228874
794,decis_support_system,108501.04889744065,141250.10727090103
795,rural,96621.86101505315,68221.97019936322
796,built_environ,90216.72613395796,106160.76569977959
797,speci_distribut_model,142013.0333727183,129973.17604098571
798,integr_hydrolog_hazard,143523.18154478606,128969.88852547534
799,meteorolog_drought,71066.33579272282,116891.1552019323
800,p_n_veloc,69785.63149734474,117517.07311512658
801,fagara_mountain,82746.00150474726,107297.38111461856
802,academ_perform,137669.76251611073,98165.0139059045
803,flood_hazard_analysi,148702.9783234687,85407.1108778704
804,effect_dose_rate,148931.06660913394,84766.3627244539
805,hazard_awar,78924.4765178515,142578.9114002106
806,lava_flow,77089.20837561831,143158.11395507774
807,data_analysi,76489.46198874932,144069.96045111757
808,hydrolog_hazard,77089.18006629404,143158.16063018798
809,forest,125334.43428956847,82679.8818105004
810,playground,107359.89993851307,69056.90587799573
811,decis_make,117409.48907507226,78445.53106497254
812,crowdsourc,118484.96264534077,75446.93122836425
813,abandon_and_intensif,104163.37112582417,59221.21934718641
814,data_collect,84398.01082007652,106692.22537626585
815,flood_risk,91160.57741927757,70963.78340744987
816,pca,104832.2427770536,155167.11824334614
817,disast_risk_analysi,106514.73456224921,155393.90516433862
818,west_indi,133652.6251179804,145942.06924013872
819,guangdong_provinc,106658.61163092783,155352.74995340826
820,loss,103051.84401932568,72263.74215760271
821,chamoli_earthquak,105286.46897692294,155534.13772983794
822,risk_zonat,73268.17151848086,132479.81753243582
823,instrument_variabl,65760.16135794691,133091.12573989923
824,specif_activ,94926.811984513,106701.65980521352
825,predictor_weight,65758.13260043187,133090.9689988393
826,chalcolith,105331.06120075678,69997.18927484436
827,adapt_strategi,132208.07402161247,138320.2760971711
828,multi_hazard_risk_assess,134817.84720056597,135024.68066327466
829,suscept_model,83614.93472285349,121892.91166355123
830,educ_system,68774.32993543368,126700.20282002409
831,popul_structur,83470.07803411968,121932.88768459174
832,constantin,104786.59994942206,155067.11862572795
833,disast_risk_resili,96154.89466652881,106280.01848950068
834,machin_learn,65304.93926175105,131119.58095888497
835,hailstorm,95765.98553222067,70027.31925645004
836,vulner_map,116886.81002424611,74699.70007305549
837,percept,92860.36473219568,129570.26041562716
838,interferometr_synthet_apertur_radar_insar,92469.13389907345,129226.62897842999
839,loglinear_model,73358.66443087101,71712.76182032224
840,inund,96884.81805627105,62513.65285406989
841,three_gorg_reservoir,102802.14552326004,142375.65861512546
842,spatial_simul,136406.93075181334,128420.23611069267
843,invas_success,74008.40833752559,114799.85616570301
844,climat_chang_impact,138410.0193593174,127055.75906763929
845,manag,71915.4248716844,84971.01491088135
846,hazard_educ,102364.36076836973,69588.70901318773
847,radionuclid,104331.07412490895,52570.15532357659
848,land_degrad,112559.161888597,111699.38608173779
849,sandwip_and_hatia_island,81208.53103640268,53065.290883897986
850,environ,122040.30477314774,82435.94543445346
851,road,123641.85756891189,87729.5802885853
852,rs,69412.42859279315,95853.66343562468
853,limit_equilibrium_method,69443.69870513189,96196.13621556562
854,cohort_studi,69920.37787172891,98644.29922825938
855,pinus_sylvestri,69446.27552574924,96188.1870511616
856,river,83555.79634717753,70624.08733803668
857,social_media,86591.4698261878,91256.66030365652
858,oak_forest,146255.47443935598,114844.1029499636
859,lagrangian_finit_element,88952.21621529927,95480.10721222237
860,landscan,74896.62936312819,90271.35519939073
861,remot_sens_and_gis,109125.66333268971,59342.04571597067
862,likelihood,91969.07374419604,147696.3063572896
863,tree_mortal_map,114582.45029316677,124801.74267650793
864,high_impact_weather_forecast,111936.12764143336,121104.0519521165
865,land_us_chang,112861.58518897298,128579.29101228327
866,frack,95677.24533289255,45726.789473763034
867,statist_method,92223.21929127115,45909.01951964944
868,abandon_grassland,95799.64570697173,45756.84707383302
869,evapor,108678.29573793864,84866.99625387706
870,idiopath_membran_glomerulopathi,102832.14607177804,52177.466134757975
871,zone_map,86658.93901729335,55986.031698602885
872,dam_reservoir,94700.15923175197,93661.04958946473
873,function_model,86567.47387636805,55983.97974552351
874,thailand,127799.89127355744,77630.75815060873
875,copula_function,127950.79999734092,86443.36174171818
876,rockfal,90004.27473404582,46345.01639131826
877,numer_simul,94249.90704674371,45387.05532405772
878,hazard,84620.25825293575,129251.03803350659
879,coastal_plain,92064.85658168177,83279.80222234612
880,scale,97251.0321746961,66870.57325138024
881,web_gi,44763.29543372835,98713.45638042167
882,probabl_model,46462.18081069882,99908.93809215554
883,expos_asset,44767.5492062068,98715.25165929679
884,global,91432.53059122959,145879.42486972112
885,wildland_fire_risk,99420.98836811514,75026.16177036757
886,poland,95429.03350712222,125897.23677046031
887,histor_remot_sens_data_interpret,99706.32192359887,128765.95508094937
888,damag_caus_analysi,100513.05787586294,128930.71577171035
889,crop_stress,130547.67149038953,103947.57835493212
890,oper_manag,135252.43241225096,100543.17857418474
891,landslid_rainfal,130548.1442957359,103947.20280406039
892,spain,108986.02508437885,85967.38528606389
893,iga_nephropathi,111931.38515062284,88219.64857972803
894,breastfeed,126317.32938238097,70457.70373197971
895,matrix_assess,82026.3336684964,67274.74443158915
896,social_geographi,118661.08357041123,68090.56616031408
897,classif,130228.93134382134,86268.31852106958
898,rusl,105002.4311954234,155038.04046915768
899,optim_risk_manag,134522.9360324783,143628.24712713377
900,"dewey_,_john",136775.27244064046,141127.2236953818
901,alborz_mountain,69257.53020593473,132065.71757498963
902,unesco_world_heritag,66921.34735318195,132234.3822718333
903,flood_map,76135.83600962276,130342.79778689962
904,neotecton,71982.24010660511,86788.27789323726
905,flood_manag,103710.85585593942,139344.19253891782
906,habitat_affin,124511.01292315172,140967.35151845487
907,disrupt_index,103873.43312698654,139376.27510334284
908,zone,96291.70148704064,66856.79097179914
909,failaka_island,90227.8620149141,64318.354380368524
910,weight_factor,108964.65558273054,135830.60638510398
911,fire_risk,147333.40418604712,124550.93768023027
912,grassland_snow_disast,109965.6324063664,135923.21581706026
913,ksa,120336.96439490054,97290.05580317964
914,dea,101092.22464640203,48188.0540320077
915,ensembl_model,131753.15537808696,81506.7381564402
916,bangladesh,110106.73863769084,86360.72695117746
917,oral_contracept,68515.65077552127,61642.42772650042
918,swiss_re,89635.4447410524,160168.36317439697
919,gargano_promontori_southern_itali,89641.24489109413,160181.1445233625
920,knowledg_domain,151278.26247643362,124195.99131197997
921,artifici_intellig_ai,73468.45368232981,127471.34898125776
922,multi_hazard_assess,151316.14307595772,124224.68713792846
923,isparta,126140.16517940669,61261.288450011496
924,earthquak_forecast,102850.08668433093,154326.44272630173
925,risk_map,134487.87351228273,126632.08268695278
926,physic_and_built_environ,134289.5345791557,126481.75918772891
927,dea_model,69552.54117678567,131873.633788803
928,human_biomonitor,96879.92191127449,106036.36729573723
929,climat_chang_adapt,66999.23027625948,132015.16887714592
930,pumic,87235.01963640755,59357.70320790903
931,northern_china,110972.57751473288,84565.65182070826
932,mountain,119467.08069142215,84812.36830433524
933,dust,109056.77364296578,57444.822651658
934,facil_site,142615.5948372361,124898.99010363218
935,collabor_spatial_decis_make,142601.24202767265,124907.00478065875
936,spatiotempor_dynam,141764.31351123867,120953.65882708337
937,disast_scienc,75536.24272538791,113380.12635841966
938,basic_habit,63354.850310749,118435.3315738302
939,spatial_evalu,132502.95702760684,101011.56899908408
940,hcc_risk_stratif,145196.3258260823,92635.84097377337
941,tierra_blanca_joven,146856.96404766088,90570.04858338417
942,emerg_manag,140408.12481062263,96045.37258996382
943,avoid,119935.01437894962,95104.6976411615
944,geoconserv,84737.00472143915,129827.5543929587
945,potenti_hazard,103649.80334294026,151208.89747435885
946,econom_risk,86992.18157500615,135064.90872471244
947,monitor,48429.43179995382,99187.87384879605
948,multicriteria_evalu,69365.63623047475,79070.80787959677
949,geoheritag_site,71078.87634229654,87595.46365477609
950,pedestrian_flow,109053.73521581266,131341.89406335496
951,natur_calam,120998.73842896195,128557.11406441138
952,moldavian_plateau,123524.77997436964,125391.53534514939
953,natur_conserv,121054.11410748454,128538.61235765442
954,gazett,122214.72871206244,57460.383440818296
955,administr_data,104294.9861029446,58051.60149734323
956,geograph_variat,120556.91835772718,58377.5355722978
957,tokyo,63911.27408329293,56035.03048867975
958,water_hard,106349.77363019997,153872.9420057782
959,region_risk_assess,140192.92651117218,135420.07225668995
960,hazard_of_place,107970.49080237311,152637.68257978116
961,hydrolog,99431.07960196621,79441.21832581218
962,torrenti_rainfal,94719.93431042948,88614.35455345508
963,industri_agricultur,120083.56941279967,135638.48307737545
964,forest_fire_risk,94541.27225809461,100269.90015756474
965,integr,99620.41992345524,133250.68511859924
966,disast_mitig,122785.20752792411,133319.8809314924
967,risk_awar,100058.26289476287,133859.72881553211
968,poverti,122394.43123202531,82730.19366888626
969,acoust_emiss,112218.4092553843,54850.8644329407
970,nois_model,93604.57718368914,113275.62741045243
971,logist_multipl_regress_model,93609.06940198249,113288.29305675538
972,voronoi_tessel,101907.16512741875,119102.18946024432
973,hurrican_mitch,112182.8659353316,120682.01922943573
974,participatori_gis,81212.0528916105,114625.28182149908
975,intern_cooper,69420.74061615378,109277.34354760646
976,exposur_to_flood,80158.1312331587,114816.40202234124
977,zonguldak,112127.73103234588,85807.885302293
978,swiss_alp,86719.49005478816,59222.57342013922
979,case_studi,74205.07950345671,85311.3816261754
980,stock_manag,86583.78993178406,65471.4024219868
981,hail,130572.83588518947,79913.37084777611
982,orthophoto_interpret,128929.44633967709,85513.14170614725
983,giscienc,71620.03698972537,85467.72336443755
984,land_manag,128793.59943218659,140713.1298563421
985,flood_risk_assess,134074.82290808434,138517.63238441784
986,environment_risk,62045.58540307218,115825.20173675747
987,digit_elev_model_dem,142401.57670820237,94366.01613492637
988,mt_._etna_area_itali,97162.00150185483,106365.87101571113
989,attain,112719.80268005481,70437.91146777391
990,self_organ_critic,84727.01744216659,130591.93656485851
991,multi_hazard,122428.31522851215,145705.5669707152
992,wave_induc_eros,130819.34702925675,141093.36379367916
993,place_attach,118118.17937087003,146973.16465895754
994,bayesian,128201.2107652729,88967.50037327387
995,uranium,73905.77397759315,53681.103301141695
996,receiv_oper_characterist_curv,73976.14454375893,53667.60369305006
997,geochem_process,103848.24405733262,51990.95090732947
998,immun,68001.954645831,64651.78228847443
999,chemic_process_accid,67870.77052418332,65011.887295122215
1000,central_america,64980.476409947514,68596.17746161777
1001,poisson_process,119690.00485673116,123776.09142912425
1002,hybrid_fire_index,120143.57319069318,123765.46296245178
1003,wind_damag,122465.3824070328,121186.45055271953
1004,hazard_liquid,84252.28872184464,119021.84391302401
1005,lake_kastoria,79224.64092889061,117229.84212593269
1006,cyclon_aila,145400.872858549,76800.4109366243
1007,surviv_or_failur_analysi,145401.3677882832,76801.30433999642
1008,watersh_manag,146411.3073919058,77062.86362119365
1009,fire_manag,78036.73115464266,142934.0228299225
1010,vulnerabilidad_de_la_infraestructura,77125.10924006211,143845.759348121
1011,geographi_of_risk,76240.53014869403,150066.95929128796
1012,eco_friend_method,76301.981188212,150103.33890558998
1013,inject_well,77441.47048813324,151051.63157106665
1014,activ_fault,77780.83709729815,151311.50155485643
1015,changjiang_delta,77441.4702664359,151051.63229824544
1016,mumbai,131092.09604694918,79677.93587188201
1017,cloud_comput,129872.33197142166,84968.19571889957
1018,setback,92588.54807777607,68607.53223238967
1019,urban_heat_island,113601.86030486043,73331.77058035147
1020,australia,78578.6025732299,87583.51287418844
1021,urban_produc_capit,90339.69117596584,106310.83278839079
1022,differenti_vulner,78531.27712822976,82554.59718181004
1023,context,91828.07990195548,127612.98256533232
1024,drought_indic,108982.089003791,146813.12500026042
1025,emerg_prepared,132310.6992624454,133689.5528465637
1026,gps_tec,69094.63530778198,124775.5220793202
1027,loss_predict_model,67703.59983480898,124904.12960948891
1028,flood_disast,128532.98861596857,104092.46406975063
1029,prime_agricultur_land,131263.76916494014,102747.2768385529
1030,wildland_fuel,104857.44965726777,105929.42913961434
1031,vesuvius,121036.8403440217,94062.79211704126
1032,noaa,121205.16137020662,95485.87698530621
1033,salb,85954.53174351956,126836.80972528651
1034,health_risk,136721.100791417,143105.96725520233
1035,vulner_index,132926.15157503504,126790.52866419141
1036,cluster_techniqu,67405.33294951334,133384.9636887714
1037,hazard_assess,100962.2723613387,106459.93130075598
1038,winter_storm_hazard,66390.8140793753,133305.56337060197
1039,picus,123015.63974151529,82408.0805806698
1040,watersh_priorit,83129.64473384406,60829.10442584048
1041,north_anatolian_fault,85355.04941002114,88230.26961234135
1042,human_environ,112733.21769011393,130359.86820584226
1043,landslid_hazard,73179.06785196437,113755.08056685758
1044,real_tim_precipit_analysi,149793.4495999142,119934.25758698749
1045,space,108318.18010410223,72960.42639183962
1046,popul_densiti,94633.68870529806,75292.53736402096
1047,veget_regener,115783.53001495331,145511.6668573926
1048,hidden_markov_model,116488.76286385763,145430.26143872278
1049,extend_neighborhood,58793.72932421258,117343.17362407807
1050,watersh_model_system_wms,58802.98431839315,117350.95934372122
1051,natur_geohazard,140799.53307666333,95854.66962528517
1052,hazard_risk_percept,140645.1143407751,96065.92860198973
1053,rural_hous,143566.47059880267,94462.79395610023
1054,sensit_analys,140644.77504905427,96066.22597991637
1055,communiti,91802.99250952521,145209.40760526378
1056,seismic_risk,105989.22595292899,154395.73941455057
1057,flood_resili,92891.57239702862,146523.58440159395
1058,unsatur,130109.66036735449,75035.6688558597
1059,interdisciplinari_method,91576.82230387922,46459.59098917649
1060,field_test,95570.52652902807,118281.54355086856
1061,nord_pas_de_calai,95645.4584003479,118406.00090722177
1062,urban_area,117523.07702055955,118547.98347420811
1063,bodi_mass_index,118085.07269734985,118295.01817887733
1064,changbai_mountain,56267.80019898583,112086.27796650556
1065,hazard_geograph_environ,56294.46915014769,111633.08327227194
1066,rainfal_aggress,146758.45985907136,91508.30112530352
1067,air_traffic_network,146963.9858250653,91287.83384304836
1068,ecolog_restor,80721.05593976285,141652.5855364845
1069,general_truncat_exponenti_distribut,76327.71436872518,144934.98507621375
1070,post_flash_flood_studi,76327.71104723497,144934.98764903587
1071,model_uncertainti,74743.00213612287,146400.43618053407
1072,global_time,73750.77060852447,147841.01988999938
1073,volcan_risk_assess,74584.79969708795,146534.89340262374
1074,probabl,119151.6078708535,55239.57301525388
1075,ocean_observ,127140.0752080399,68110.77423019268
1076,harm,85264.31849118845,67309.58085976489
1077,vulner_assess,100983.91989911467,148775.3094386675
1078,hazard_geographi,139237.4242107176,131514.7236687876
1079,multi_risk_assess,61656.92744627238,116849.70062252069
1080,standard_precipit_index_spi,138132.43299793938,128496.05267339353
1081,build,95387.91065097642,68428.87710165695
1082,digit_earth,97316.62934568743,112162.78131174369
1083,multipl_criteria_analysi,94017.85973453276,68546.67426040834
1084,knowledg,119376.91265287937,84233.44758784873
1085,educ,72432.46339598842,77328.01177558102
1086,landslid_monitor,71532.80415280463,85975.77664926308
1087,kaposi_sarcoma,72467.00851795202,77262.6395694673
1088,cred,124003.60374570843,118291.9520553461
1089,integr_disast_resili,124003.57574778702,117598.26697980746
1090,mate_system,56712.89386864727,116222.48947244925
1091,human_well_b,56500.51029759249,114508.30861051028
1092,ecolog_system,59232.362879474116,120383.43100610113
1093,sex,62120.27875214194,80915.56048523392
1094,sar_interferometri_insar,110707.56785162735,92952.41750528385
1095,casualti,123002.95523163903,93797.6222167828
1096,ecolog,96503.79296943429,67329.58642977488
1097,apuan_alp,67212.38134065457,72513.7062805093
1098,crowd_dynam,103362.92899228244,131162.46136125867
1099,mont_blanc_massif,111380.83007142799,136048.23145805267
1100,failur_probabl,101102.40005282298,129382.02195808996
1101,kangaroo,120373.44604925893,97148.07992934424
1102,teach,121285.50793573269,68996.26296502765
1103,binghamton_geomorpholog_symposium,127966.72055644922,86373.68572199569
1104,chiswel,125264.03600805531,82627.94778836443
1105,minudasht_forest,117898.72188731392,67446.25566739604
1106,multipl_sclerosi,104054.41671301426,139254.08331213825
1107,manag_zone,127200.7297654243,139846.91657838697
1108,gis_model,134825.84768969083,132982.40422893444
1109,oil_spill,78014.13465179726,123791.71465909427
1110,forest_plan,66478.26804490584,122857.67973679813
1111,molecular_techniqu,78014.92866979014,123777.78908818412
1112,threshold,111890.21266537094,48618.44073081101
1113,car_model,109101.2908667769,47188.81057283803
1114,explos_erupt,112199.09282110665,48812.721748919204
1115,nation,108177.83434271251,74324.94451137944
1116,hazus_mh,111774.4063365226,80496.10737019766
1117,geospati,112697.68835856937,52840.33389929466
1118,surfac_temperatur,109240.3846965752,50627.53014806711
1119,myocardi_infarct,112679.03812153536,52770.509284247884
1120,cluster,132430.30438212983,75187.54710668448
1121,nucifragia_columbiana,132446.4043027112,79440.66521361613
1122,andes,120821.09025662359,94689.26046843287
1123,demod,120590.94751380879,96801.59716371678
1124,chandpur,120397.80318922698,97086.16422498293
1125,littor,84686.6224487941,129948.23185536025
1126,health_hazard,97979.43553305161,147292.8170563538
1127,arid_region,84803.13264116019,130294.41641447025
1128,geopark,120492.60552954291,96901.36774328121
1129,geographi,120658.20669477907,93749.43320685743
1130,marin,121967.61159526317,90444.67894888799
1131,plan,102816.21088805413,129461.28894246911
1132,coastal_urban_area,105285.42516726037,132676.95258596068
1133,tempor_analysi,127225.7100697564,136318.4230568412
1134,composit_indic,105090.55975463109,133053.70651704885
1135,ann,79990.62686827753,65308.33766445622
1136,environment_exposur,119901.946956469,76239.31008573742
1137,capac,119174.12783518474,86675.34497219183
1138,seismic,130418.77892031081,81402.9096866078
1139,recoveri,120104.988819107,93418.9828712614
1140,nepal,150255.31464021088,117848.8091996627
1141,slope_instabl_indic,150551.0388625034,118652.61795066737
1142,risk_measur,140565.85908533004,116935.95391854283
1143,multiscal_approach,150481.15036848275,118687.1552505178
1144,snow,94979.68979280234,90676.75907774377
1145,land_use_chang,95247.4889876252,96477.4138475505
1146,ecosystem_servic,94253.32639137341,88043.35294298614
1147,cope,115367.62346630312,138542.4377750864
1148,educ_and_sustain,121221.2537421987,138008.62783244922
1149,humanitarian_emerg,108339.58022304645,139563.55196772225
1150,veget,112106.15680114487,56471.00245498818
1151,participatori_map,93008.64805048094,88266.11470971383
1152,econom_assess,139414.77897538774,124006.13357737251
1153,variabl_fuzzi_set_theori,94205.41464908067,98846.48048997887
1154,cusum,98751.61627914503,131376.73875463774
1155,geograph_inform_system_gis_landslid,125679.45178812742,118329.45743774917
1156,risk_and_probabl_analysi,125349.22108877735,118018.98700054607
1157,gis_analysi,101173.53241657499,105070.9625954985
1158,mri,72995.40879448417,77995.6476976752
1159,improv_set_pair_analysi,78827.81862564801,96779.74766284024
1160,water_qu_stressor,73074.99891824626,77858.88424001461
1161,sinai,95006.06365068379,102447.16448522946
1162,hydrolog_remot_sens,97859.48915561556,80843.78143769334
1163,stabil,98927.71040272457,58634.55282287628
1164,map_collect,127762.22397886887,67489.30820681747
1165,radar,110960.83337003383,61649.66932486032
1166,urban_environ,84848.78143806131,60109.32091280018
1167,south_korea,150008.38178278433,119802.49219051495
1168,unit_state_of_america,87309.90920606027,94982.4101104726
1169,hydrogeolog,127607.06335964982,68686.85010881603
1170,spatiotempor_analysi,130934.1628954219,79968.3479750119
1171,russia,111394.76838861346,86435.8900510747
1172,citizen_panel,68153.85811950691,63193.902253682485
1173,hiv_1,68408.88982210735,61354.9720138843
1174,terrestri_lidar,68218.53286328242,93311.33025281022
1175,environment_educ,89534.77889455293,119721.78551481613
1176,time_seri,68211.14361296805,93406.99360286785
1177,geolog,128737.17765656099,81805.92193568096
1178,evalu,52524.92398679065,94685.6686104054
1179,flood_detect,48985.478873729444,98963.64169543529
1180,damag,94147.79682740191,77225.20074527833
1181,p_median_model,104982.86165428188,73014.5998159241
1182,prognosi,115088.52797303311,98657.71451425664
1183,denud,121137.12102727353,94564.69476932778
1184,greec,68346.78140482398,62768.54082252118
1185,natur_park,89949.57693357502,143725.09657157146
1186,latent_risk,104334.96681276191,155853.57714043092
1187,participatori_methodolog,130921.6011620531,148063.01212986163
1188,casual_tie,104336.12466634603,155854.45430100698
1189,antigen,72367.06698119326,86515.78730053068
1190,gis_manag,75379.19626816107,73342.02744360865
1191,fire,100064.91968709856,68527.72841103737
1192,knowledg_transfer,117456.1215781918,67128.94923671681
1193,catastroph,125165.9432992509,91094.30172602873
1194,pga,69333.09245749185,62046.51310147033
1195,southeast_spain,71516.16132177392,59484.256273536324
1196,diachron_evolut,82625.7200688393,90717.6243016601
1197,hyperspectr_remot_sens,82835.8928999727,91879.62014569834
1198,endang_speci,82386.27053981453,89051.33576762436
1199,bridg,106405.25606427705,64414.65439505366
1200,communic_satellit,116100.14144655559,72416.98385022015
1201,pragmat,99121.42588884162,47179.1364284015
1202,probabilist_model,87031.12046713846,103678.37121193645
1203,forest_fire_map,100542.38255101166,127277.7386555741
1204,gis_tool,64293.32767524968,124229.45397671846
1205,cumul_fire_risk_index,119969.64798735926,127916.42987624463
1206,peru,120762.36246785425,93992.73931562348
1207,cyclophosphamid,120069.23626386479,53126.516176965575
1208,landslid_dam,129576.68438554337,72246.68110706424
1209,databas,85822.33551166886,73572.09197903024
1210,island_of_ischia,94201.99585956628,124515.40737495854
1211,livelihood_well_b,85864.90251116226,73512.14506184398
1212,reliabl,130896.49270269889,85681.882382339
1213,infrastructur,74654.99017017215,77225.17420210488
1214,chi_chi_earthquak,108867.15851719695,69112.3808718198
1215,karst,83946.25944239672,66439.7214675511
1216,environment_disast,121442.6064404611,141926.9288423226
1217,disast_manag_system,129108.93576817529,139906.81304282817
1218,wildlif_manag,76240.77179779563,124841.71901745796
1219,natur_languag_process,61773.43446377892,115642.91152675447
1220,age_at_menopaus,76735.68611598108,124775.5885931282
1221,predict,131051.1358060997,85795.8541279664
1222,indic,128744.87831982787,130068.76151352254
1223,educ_for_sustain_develop,128513.48200483162,129606.37743556875
1224,cross_valid,83045.57165088777,120686.98574266545
1225,region_analysi,56402.621208503835,115139.2549130293
1226,geolog_hazard_assess,81414.19288723901,120705.3361622655
1227,crisi,110784.3671864441,65696.57504674356
1228,earth_process,99967.48674004321,62253.10288304533
1229,interev_time,80031.15645309162,84516.18861717623
1230,accuraci_assess,98841.83612552485,133667.04039042944
1231,cirrhosi_complic,115334.46529293258,121453.54632805685
1232,likelihood_frequenc_ratio,113515.46083844769,120657.27079588124
1233,big_data,116829.71426737211,124206.90764150923
1234,progress,115051.47800035767,98580.36976664011
1235,rainfal,111457.32302425122,49299.45477174108
1236,index_model,118877.11188025856,54172.75482714641
1237,societi,105171.53791721023,69051.19198604795
1238,multi_tempor,76938.35798169272,74111.35861006766
1239,north_america,105724.27788285988,136891.3505272932
1240,flood_hazard,124750.13025219324,139210.69203356613
1241,adapt_capac,105909.51711190451,137103.3932086768
1242,peril,139271.80841510592,104697.30735746588
1243,transport_network_redund,139199.24848992535,105190.63303543616
1244,hepatocellular_carcinoma,141620.41577344757,115294.7593714332
1245,databas_manag_system,140028.06801838888,115105.83770564864
1246,spatial_variabl,74981.28350793596,113745.9550701599
1247,multicriteria_analysi,128244.40855776971,104336.5668667901
1248,damag_risk_level,129496.07924970641,103775.94017104428
1249,flood_prepared,78508.86209354331,142638.88057288717
1250,"compromis_program_,_multi_criteria_method",79520.0064585927,142107.2213165233
1251,exceed_probabl,78004.44950782701,142874.38139604268
1252,earthscop_usarray,76917.82346281638,143432.7613403238
1253,urban_geographi,75215.14378713482,145057.1784741504
1254,energi_polici,74299.64803281003,146308.42147011304
1255,asset_manag,73802.94515904292,148014.2667377188
1256,natur_hazard,73842.13707284295,148688.73882999757
1257,risk_index,73802.94241099627,148014.2695431706
1258,statist,132282.74567360262,81311.85839024742
1259,joseni,131350.9102162122,83422.90621519761
1260,em_algorithm,129519.43522442081,86995.93131242278
1261,emerg,101408.7379546986,150810.69080936143
1262,urban_seismic_risk,104138.47707944953,150837.08979393952
1263,real_tim,126597.03364462685,143976.2961421315
1264,the_caribbean,63116.12047243059,113758.48603433487
1265,north_xinjiang,105213.54318550935,106210.29210521137
1266,appli_research,63136.09490333008,113743.62599820754
1267,gujarat,120728.58993841335,94807.93197036575
1268,terror,87949.50336460673,72041.18353880392
1269,disast_prepared,73820.60975408311,92858.6572407026
1270,port_vulner,135830.98791875545,132575.97738661192
1271,non_inform_prior_estim,108307.30531069293,141079.8571047902
1272,claim,125524.35079182849,79580.74012467355
1273,well_b,126982.24596219315,85273.76730134519
1274,park,106003.95576929997,130728.69691714318
1275,participatori_plan,127715.21836808305,134588.60465512172
1276,mass_movement,106195.82071441371,130681.55581427293
1277,pariti,84620.41085462504,129153.57065806053
1278,geoenvironment_hazard,107830.03396586239,147764.8006454099
1279,extrem_precipit,126974.32694419021,142237.35482668283
1280,roman_antiqu,74956.5669882675,123758.58398733297
1281,individu_risk_assess,60983.71920996204,116082.86457141631
1282,natur_conjug_prior,75658.18261964273,123494.77997643252
1283,arcgi,115224.21735739695,79776.98188342113
1284,aid_agenc,85925.78376147857,72377.89315705172
1285,dust_simul,89201.90847454565,89641.88861088622
1286,findik_turkey,85899.6666522431,72429.01743893493
1287,uttarakhand,80869.49503643693,65401.17630757774
1288,environment_impact,91136.14315681574,145381.88876565528
1289,natur_risk,132841.79315503562,146109.3776966352
1290,invas_alien_speci,132211.60129762665,125824.79667160535
1291,cultur_heritag_conserv,130674.3370495234,124506.92320512126
1292,claim_payout,66583.21594998686,132983.31527027042
1293,gamma_spectrometri,63146.06123257361,113184.32527698297
1294,light_depend,109961.27671617689,107538.46064167941
1295,idp_camp,131173.25427050973,102875.98743583604
1296,geolog_hazard,109973.365156219,107538.39507666776
1297,eta,119262.90732758876,53250.02250638378
1298,seismic_awar,92913.89791488265,77695.14602066136
1299,assembl_hous,137945.2791874407,121964.58826241872
1300,gis_and_remot_sens,96791.64221319398,132070.06259752472
1301,himalaya,119262.39522593371,89703.46232450141
1302,disast,123112.12057983747,78188.0678626896
1303,cis,95308.64085186433,104202.80282803133
1304,river_level_fluctuat,82922.38142683904,71276.49886241497
1305,basin,89880.27616580632,92782.42709680558
1306,himalayan_frontal_fault_hff,149522.09781484943,114322.61414659125
1307,support_vector_machin_svm,89923.1308487615,92941.69217839593
1308,toxic,112826.11339438385,77629.54282382324
1309,venom_bite,140974.14056453234,126088.16801013282
1310,spatial_and_tempor_characterist,90615.38964340967,134767.59126377635
1311,corticosteroid,114261.56835853784,96558.21144513758
1312,leishmania_killicki,92282.12997291717,53160.0994281557
1313,airborn_lidar_survey,119231.69132623343,146180.61642718967
1314,emerg_medicin,133180.5779945169,140685.14500095294
1315,natur_experi,133389.90470068433,126297.58398095396
1316,coronari_diseas,73606.80245979934,128080.54560029236
1317,gis_technolog,62460.383118945196,115527.9620838287
1318,mountain_forest,101879.26607706046,106152.22488128237
1319,socio_natur,126202.31543169983,105409.5598870583
1320,photo_interview,142478.5866817951,94152.04371484117
1321,dose_equival,144793.515274711,83003.45325096641
1322,hazard_manag_optim,144301.00814107136,82488.8831003277
1323,sustain_communiti,145925.04305912156,84451.14087139828
1324,yorkshir,120380.2995639504,97167.70479260336
1325,ensembl,103324.36606633506,111107.85372656796
1326,beach_eros_rate,108846.03664769552,53167.04721669217
1327,landslid,84161.9572520425,108489.75870183454
1328,gender_differ,114115.91502266229,145304.36794986503
1329,spatial_homogen,140324.44115662767,128022.51705008821
1330,natur_disturb,67217.87707601815,120769.57006686801
1331,participatori_risk_assess,102368.45967667663,105993.43158492396
1332,geograph_weight_regress,103547.92715731473,105819.25227734278
1333,environment_factor,135958.85959888552,99058.25550536215
1334,local_polici,144813.1158829031,93151.99138449952
1335,saratel_catchment,77720.75096401444,142872.1001375608
1336,indoor_absorb_dose_rate,77720.66742681044,142872.134538505
1337,risk_reduct,80705.8763970092,141394.6350176741
1338,coordin,120164.78608088667,94333.28715935905
1339,model,95185.28799280633,117915.68059250244
1340,prevent_and_control_measur,96142.84031296706,119267.03991879948
1341,tempor_scale,115462.54811217097,125237.81490992953
1342,loess_catchment,61252.630196807244,124573.27946303303
1343,us_mexico_border,59709.25715138013,124196.87022017983
1344,land_us,55715.06504624875,119737.62994873803
1345,network_theori,141872.56765340926,93825.2982988358
1346,cost_benefit_analysi,143019.62983776085,93514.62257645871
1347,spatial_plan,139659.84761399805,94828.64156665979
1348,landsat,110663.10671666905,86573.21941081448
1349,parasit_infest,94545.71058516357,64368.60186688818
1350,geograph_scale,105382.81402544881,62158.46254040979
1351,displac,127107.66132077116,90398.68913979297
1352,uvira,107308.19925435017,70130.8150504909
1353,resili_measur,105526.63725567875,139585.5741956545
1354,sustain_manag,75508.1341308415,123885.28644361786
1355,spatial_multi_criteria_analysi,130125.25005969402,138318.6484196426
1356,hierarch,126596.68983002222,63409.17624011368
1357,storm_surg,130479.08954062985,75646.89601762874
1358,nurs,119629.7273739401,96591.20807580916
1359,meteorolog,128272.27378774475,87681.81154567437
1360,photogrammetri,122033.74725300394,94940.93241361536
1361,design,103418.95371301787,65354.31909979464
1362,wind_storm,85079.91083917055,99752.10195068907
1363,multi_criteria_analysi,116702.04618172582,131566.2704184333
1364,new_york_citi,119234.9660273158,130556.07434230321
1365,human_impact,108203.5799410186,131466.85194717065
1366,neocatastroph,101015.63137782118,60565.935274131516
1367,open_system_approach,99974.22342018827,60381.82416162993
1368,ayvalik_turkey,81353.78892118225,80726.488271027
1369,wind_speed,100160.22287647668,135524.00890655187
1370,risk_formul,127133.1845838438,118449.83663595085
1371,multisensor_data_fusion,126906.16079167533,117881.0188507413
1372,neural_network,65300.530039767065,125378.53400316933
1373,landslid_map,126511.75071068312,105385.52386785783
1374,integr_risk_zone,128114.06279595307,104663.55841103283
1375,spatial_uncertainti,143543.54781379586,93602.64599412205
1376,map_vulner,147369.73507154983,88592.21068336189
1377,construct_project,143543.9238764342,93602.43635639342
1378,internet,115056.67060640574,77352.1499057585
1379,household_incom,82192.03975903531,67080.46691624173
1380,environment_chang,91462.99917311067,66003.19052476171
1381,geomorpholog,117450.29610762466,65652.20053974041
1382,cognit_symptom,122740.74635566566,70641.76534065758
1383,homeless,81356.8524143226,65333.67626344179
1384,environment_communic,93688.23162774985,145773.54174678342
1385,age_wood_pole,102194.81370453551,142131.38770502098
1386,western_jilin_provinc,87390.80180489324,119307.68626457432
1387,eu_flood_direct,86810.79622232348,119304.47406411637
1388,data_mine,78052.2381973135,118543.95561680102
1389,humanitarian_crisi,140418.34941977996,79477.71759880622
1390,natur_hazard_map,140487.28159289452,79567.83759077403
1391,gorganroud_watersh,116622.79511315552,106565.94986355776
1392,oil_and_gas_industri,116622.92474608387,106565.96054278265
1393,debri_flow,115631.57050580747,106691.05027833462
1394,land_plan,116622.90202189142,106565.96091011475
1395,alp,110090.54365543919,73902.56688676943
1396,anthropogen_intervent,78033.51205473284,81229.01435139327
1397,social_vulner,78008.69404978925,81415.19070791305
1398,natech,122869.76378225302,93451.88749051765
1399,japan,84776.09946098064,57720.62242344357
1400,geotechn_microzon_map,84331.37484282134,57476.052879319795
1401,digit_technolog,95297.39129566122,127406.18990752762
1402,fire_weather,140976.10519367235,128552.66808148674
1403,landslid_suscept,129665.74341445038,117339.90359435628
1404,automat_monitor,66178.85534013069,121591.66647227207
1405,capac_build,110060.80326214808,105856.72902952843
1406,associ_rule_mine,126565.11090776931,104477.87645623942
1407,satellit_imag,148192.28953934618,88416.26870503025
1408,soil_conserv_polici,148616.07600198573,87512.25611619151
1409,soil_slope,148890.86778552615,85105.52287333502
1410,precis_farm,80621.52402932562,141470.4423291636
1411,polici_relev,77843.86701533603,142872.14397571425
1412,deplet_uranium,75129.31369028726,145226.99484563482
1413,natur_disturb_regim,74096.71074190152,146815.6852146137
1414,coastal_zone_manag,75191.93200803809,145179.6021775505
1415,runout,126082.66091020146,90825.06375743855
1416,adapt,102807.53438712373,69570.87507959548
1417,hec_hm,108092.30189748341,71310.75739881286
1418,chemometr,120307.25406121688,97484.09436537464
1419,groundwat,121954.57623931082,88870.70637354933
1420,turkey,88505.49301766205,60559.671974380646
1421,mediterranean_region,109999.8073993921,82484.56767489549
1422,digit,88364.1610320325,47608.17214025662
1423,chemic_warfar_casualti,120417.32041745135,58276.368124381086
1424,forecast,95788.72291714788,145634.96253243214
1425,area_with_geograph_specif,95954.39027991793,145596.2560643136
1426,high_school,120051.93765402137,147067.62617637124
1427,geomagnet_pulsat,140202.68056900133,126595.66200524081
1428,road_ecolog,120191.44280930108,147002.87237345648
1429,thessali,93445.92736499093,53433.31716756406
1430,landsat_imageri,86871.12431528806,53989.940491057714
1431,coastal_resili,94065.02296567085,53229.47414587582
1432,pesticid,111209.93819749795,149986.33934523122
1433,fire_risk_index,134635.27110536047,138462.3136823653
1434,suscept_map,70966.42285141372,127535.61101403763
1435,semi_qualit_method,104253.2683244069,105862.48689794815
1436,small_baselin_subset_sbas,68426.23734752073,127985.65442241337
1437,atlas,121986.36794528672,57418.09911444935
1438,lidar_data,71616.39497499198,85136.35939612261
1439,inform_manag,122311.33380161732,144044.59337892273
1440,risk_mitig,128447.68260044923,121327.1758173767
1441,grassland_fire_disast,128394.1240010866,141970.78117040108
1442,hurrican,91742.92198612622,71713.50492884111
1443,urban_geolog,102588.48112807436,136539.194797459
1444,urban_manag,122972.19362914824,140591.2917278041
1445,social_chang,102945.37288243325,136773.72852816703
1446,irregular,69801.96298216877,95866.68491765767
1447,remot_sens_rs,96794.1847534576,56680.60936941206
1448,polici,90783.47088162081,69310.05641274969
1449,glacier_retreat,110171.25338669044,71489.76396800071
1450,anim,114005.51744910645,78098.91427352291
1451,tetouan_coast,96449.02996401215,119492.72151237619
1452,build_model,86515.2392379138,102137.80833565693
1453,korea,127047.04898276692,63457.88671392106
1454,seismic_microzon,89492.39831033898,74279.61304998293
1455,riverbank_stabil,98722.57013198624,61039.69872001219
1456,modi,90480.69020892835,46977.248419892436
1457,fuzzi_set_theori,87324.85794885094,47715.780680699005
1458,food_secur,110061.26758781669,120504.92602814257
1459,fuzzi_analyt_hierarchi_process_fahp,89655.77352077673,109955.64302158286
1460,uganda,120345.120619117,97328.89691923138
1461,calp,146150.79870881126,114370.27809776069
1462,river_ice_break_up,146229.35830797022,114648.8494756649
1463,physic_vulner,95760.3482821309,104802.00144274
1464,tornado,130808.47494437848,71815.39257944096
1465,meta_analysi,131654.23066915464,79721.26522532245
1466,fluorid,93978.23894021574,143571.6857100284
1467,hazard_predict,84642.13552420886,129252.57819047538
1468,protocol,111077.09797516844,69741.51122489385
1469,urban_transform,105614.56165677155,132358.96303983536
1470,urban_plan,74678.19589646139,88786.29353521008
1471,respons,78132.6594034941,98232.10167373932
1472,social_vulner_index,78250.55252775412,98786.7252977776
1473,sand_drift,113117.42884468794,142804.35048598808
1474,decis_util,132161.40206754807,122393.86845857586
1475,participatori_rural_apprais,67010.80257339578,125973.61355104871
1476,radium_equival,133591.16319997527,101138.70299366486
1477,student_research_experi,134286.90215399562,100777.90672917782
1478,risk_percept,143418.8425718948,93827.15488833986
1479,open_space,147385.86899973554,86951.76846750571
1480,histor_research,143419.15273328932,93826.9237521499
1481,coast,80944.67606179952,72739.3388900861
1482,econom_crisi,127850.19540324877,134626.4055364867
1483,land_use_plan,138921.5475578096,116761.64536439358
1484,soil_eros_suscept,69086.16193250222,115490.53039609396
1485,radiolog_risk,91147.70314783134,106140.3573543518
1486,homosexu_men,132348.00190601402,101011.0152752578
1487,svm_classif,91157.00156547158,106138.93032787416
1488,california,86312.10434496339,58446.570707217266
1489,volcano_erupt,87752.57524866606,91054.51629223164
1490,water_framework_direct,126454.6184937575,135252.86610918745
1491,mitig_plan,135100.91102750902,116455.36496825979
1492,semi_natur_habitat,67469.20929824565,118962.46356714379
1493,satellit_remot_sens,135532.04334423493,116674.17836619027
1494,gann,81223.0085666774,65466.734063911106
1495,health_promot,132802.80196724192,145193.9975734282
1496,communiti_social_support,102165.20788555851,153288.06545880274
1497,namibia,97024.4808752089,78555.89953789608
1498,earthquak_scenario,124055.94579965869,62058.932245698204
1499,topographi,84002.52765933383,61617.73667221479
1500,western_macedonia_greec,89934.3590564834,97671.57540118098
1501,glacier_hazard,113996.35379883194,130340.13021310425
1502,water_qualiti,73120.76311405198,113962.17664469167
1503,analyt_hierarch_process_ahp,149904.67950818068,119736.50943396674
1504,neoplasm,119469.95110225854,96298.79804950548
1505,bilecik,110431.35006299059,149253.41983200426
1506,grassland_fire_disast_risk,110496.84940590728,149205.97516585392
1507,uri_sector,74948.8432839796,126101.27721822262
1508,spatiotempor_semant_inform_retriev,74920.07835102416,126103.58192812443
1509,social_disadvantag,101508.52836922543,106247.02263455956
1510,ecolog_risk_assess,103249.89916387168,106050.35710633642
1511,river_murray,61372.08202696364,115150.20323356762
1512,menopaus,82160.16419651578,79517.25687362308
1513,chang_analysi,74882.5572546066,88026.24717161967
1514,indoor_air_pollut,81916.14474630507,79359.63395370141
1515,aftercar,132888.63949367718,136250.59210143078
1516,landslid_hazard_map,140726.03498426947,129151.96334501101
1517,protect_forest,118848.23107616745,145837.3729242352
1518,malaysia,95206.95517567097,117933.04296324163
1519,geochem_model,105331.10815677996,121957.7221988455
1520,sampl_point,118764.43751942959,123060.17823155313
1521,infrastructur_system,57820.90259453888,122744.23918793985
1522,provinci_fire_statist,119966.34932761746,122436.90841454668
1523,potassium,90747.95959013136,134392.93326856528
1524,spatial_analysi,90901.6015815705,76334.01575126316
1525,thorium,118447.28847305417,94707.29355718696
1526,radon,109474.61826692038,58678.05234593294
1527,himalayan_region,141933.58987671565,127797.59992832561
1528,landslid_suscept_map,141581.40319981735,126318.96222621213
1529,colleg_student,75015.96922648142,117989.82914375007
1530,genet_program,62992.11410543903,120925.49782269084
1531,urban_terror,74855.11078920553,118112.07640833869
1532,morain,129763.19937720402,71459.77626818977
1533,haiti_earthquak,110264.59160589727,125647.79391160255
1534,urban_environment_qualiti_ueq,111077.33324381849,127026.26888025252
1535,coastal_eros,147272.57154056936,119623.43751604587
1536,imag_analys,111099.84770266515,127095.95460312608
1537,drawdown,100918.83191287787,120439.39012526567
1538,differenti_digit_terrain_model,101567.06333195284,120674.88526528917
1539,statist_analysi,91949.21192907493,112770.8993124346
1540,lineament,80833.74618758843,65314.87258845202
1541,environment_concern,68791.14803128781,70755.91941925086
1542,environment_radiat,78963.02631281556,65725.59289293917
1543,conserv,94719.0541329304,66659.26083273956
1544,servic_area,70246.5859645333,77733.58493845153
1545,transit_hous,94492.64979215788,66740.86682769368
1546,livelihood,105563.15272690961,133275.72018986038
1547,climat_justic,66140.39213567748,78303.11544101796
1548,prepared,95618.60475204329,67625.51081069026
1549,inform_flux,113598.66256795751,145498.28365408778
1550,landslid_inventori,60056.85367423702,117606.88886878046
1551,grassland_snow_disast_risk_index,60857.06353494768,119403.85248741349
1552,natur_histori,103095.81548597022,105937.03870021386
1553,disast_educ,133451.00430672473,100621.42885767724
1554,underground_mine,103096.63858496907,105936.76001587804
1555,oregon,127003.91480220426,62745.68472644056
1556,past_event,97502.64952727176,79893.65732848333
1557,frequenc_ratio,108199.48539060209,154373.53411457615
1558,risk_manag,97972.9586913889,151087.56268326173
1559,exposur,77900.00608394871,103491.51918700896
1560,human_environ_relat,79551.46037722376,65449.23129039164
1561,etna,121086.40921832902,93393.99842468137
1562,tourism,104973.06641220451,65810.76763016716
1563,structur_complex,112542.66755025189,70021.20689437253
1564,fisheri,112212.76189667868,88048.61217829425
1565,mike_21,119211.22929651994,146606.3939913202
1566,major_hazard_earli_alarm,84639.72442472356,129956.945257653
1567,earthquak,123956.52120900332,56863.6729439039
1568,mont_carlo,95047.63492312543,79331.30992113972
1569,urban_dynam,141893.50394254568,131634.36939781607
1570,global_environment_justic,74181.82771474606,124708.09972512138
1571,presidenti_disast_declar,71938.57681056109,124852.30949811768
1572,occurr_rate,132808.4234181086,119965.77718446696
1573,submers,95889.8352191014,70168.02766857116
1574,vulner_area,116127.92585622567,75157.71575020169
1575,volcano,90827.33906847017,134290.7458871272
1576,spatial_heterogen,140193.63695196388,126045.41333401119
1577,human_life_loss,140062.36318871114,123529.80425035233
1578,fluvial_hazard,74375.91173203869,115027.46697464852
1579,shannon_entropi,63006.21389844777,119846.80633314952
1580,regul_theori,101449.40676268052,105858.22262466473
1581,primari_school,63005.45408997203,119849.33339741043
1582,interconnect,121342.08862859581,57077.29666707368
1583,data_fusion,122594.78432299268,57389.157785216215
1584,aid,116740.31925703996,97720.02312755722
1585,smoke,116058.0968771812,97986.4713728398
1586,denver,120426.4954967451,96521.83206406175
1587,durabl,82173.8776350638,65903.20917854286
1588,environment_vulner,69027.4383496368,71815.47165766687
1589,civil_war,127203.46926755218,140138.45304388338
1590,flood_manag_strategi,131551.2282285686,138035.12579386577
1591,veget_degrad,119669.07633246024,141658.36399004038
1592,capabl,122649.06011554363,68548.99451770124
1593,incid_criteria,126907.66979070709,75313.92926879342
1594,sistan,98494.21844617988,147154.69016254094
1595,hazard_mitig,119666.68054622193,146302.60550431418
1596,self_affin,73081.49452188666,125593.78400915352
1597,synthet_apertur_radar_sar,61493.38208205164,116349.9758539474
1598,chronic_renal_failur,76645.15001908466,124568.70431678597
1599,runoff,107073.71833015187,51739.5567005903
1600,princip_compon_analysi,106340.61881709477,122259.09794850787
1601,model_chain,95389.26272135047,118230.0661142219
1602,ao,110316.40118006898,70652.94363802821
1603,econom_growth,91773.16002359451,99160.70420906977
1604,nonlinear_simul,131148.11284292562,132658.34987920977
1605,disast_risk_manag,132145.19879747456,130551.71117619608
1606,dri_spell,123336.09291141087,142195.31869827711
1607,floodplain,84742.8196596962,129551.73480328165
1608,statist_hazard,91581.82621209833,83452.68141185668
1609,ahp,129047.93010608967,87430.51934170317
1610,portug,120236.83006124354,91856.14824778611
1611,uncertainti,119721.16332500195,64826.197087273664
1612,british_columbia,98004.22652352539,73608.46942751174
1613,monothemat_index,98615.23891387552,137730.63927865712
1614,earli_warn_system,119346.80924138178,132539.98543616707
1615,p_g_veloc,57830.72932431976,125587.4302266819
1616,pico_de_orizaba_volcano,57831.13786261093,125584.29032583514
1617,earth_fractur,116204.47179962593,119827.24505456704
1618,rangeland,120535.55723102533,96418.79585188472
1619,geobia,60489.90770175527,88579.09214208348
1620,heart_rate_variabl,72754.04975307663,81212.05118544574
1621,wildfir_educ,108732.9515191849,141516.4199298911
1622,self_manag,121766.43655885532,138395.06811589346
1623,earth_slump,108743.01481807271,141477.51997517623
1624,privat,97648.53053956474,112475.7677645289
1625,build_site_categori,98318.86543763547,113390.09426062339
1626,block_fall,113556.01284948694,121177.04761211081
1627,system_engin,80477.04341533514,113800.07405999406
1628,annual_effect_dose,55005.68488783413,121206.13926920331
1629,high_resolut_popul,54765.38645818015,120969.7650472186
1630,aquat_toxic,145479.4901618756,93495.70913178417
1631,high_alpin_rockwal,145770.0102835136,93235.85887649402
1632,quantit_survey,148330.0584808864,89415.22360711319
1633,requir_model,149406.2543727846,85686.69530947527
1634,moho_depth,80561.34240349242,141537.7109795402
1635,engin_geolog,77489.44317764844,143084.21921494452
1636,adapt_plan,75105.66075105882,145226.91466467222
1637,natur_hazard_mitig,77221.95904220524,143205.38674254552
1638,europ,117046.5423448936,88121.84223601905
1639,fault,142805.9220745875,135758.08739177886
1640,mountain_risk_and_disast_manag,142234.6332983058,135652.4965926984
1641,xiangxi_catchment,92979.19278170308,106246.89021893688
1642,integr_coastal_zone_manag,92987.03554348103,106246.61007770352
1643,children_health,65631.52475034511,129454.49518910018
1644,popul,111609.485630921,90078.76881990569
1645,aic,130233.5406964918,82647.82148140567
1646,nival_process,115125.76346136439,116320.7798718019
1647,glacial_lake_outburst_flood_glof,114616.85040840918,115882.87004578834
1648,speed_limit,147349.24412197643,117129.33888848784
1649,rock_fall,146597.56573974184,117561.75825328361
1650,natur_catastroph,147361.0463943986,117186.50898618449
1651,webgi,84600.8307749682,129187.5061331989
1652,volcan_hazard,127682.8668033478,143520.6648936829
1653,flood_risk_manag,98649.1731881363,147941.3646808218
1654,anhui,113477.89577615184,54269.91469657966
1655,log_norm_distribut,95997.13452355577,49708.44608924788
1656,artifici_neural_network,113376.18786199499,54143.209641945075
1657,rabaul,120417.26083421387,97065.33376296013
1658,newcastl,97175.60773517416,120661.42691822641
1659,spatial_model,114653.76006277357,124826.51529639105
1660,northeast_china,120277.8937226304,122510.48428823687
1661,gdansk_citi,114704.77329268382,124843.35401958761
1662,region,115392.03860174057,143262.37268067256
1663,earthquak_earli_warn,115688.73537382278,144271.61443361713
1664,fujita_scale,143266.3793104205,130320.25872898096
1665,inform_infrastructur,115949.9064195947,144469.12013655555
1666,scandinavia,71845.34620267342,85913.91439022156
1667,coastal_manag,118170.67172936257,145677.43668600405
1668,hazard_analysi,130790.39451213187,140275.39516478454
1669,canakkal_citi,137033.63982982322,127546.78813800807
1670,grid_size,74177.43909310608,125004.33671248535
1671,toxic_chemic,61953.101300266426,116504.83339579566
1672,prognost_valu,74161.12165084516,125016.60471892486
1673,orissa,122299.20676397759,134609.4826318508
1674,inform_diffus_theori,125195.40064160668,134145.09093197048
1675,wildfir_vulner,131327.24273325098,119169.3165806001
1676,probabl_behavior,78447.90167221715,120970.98959323973
1677,popul_project,131345.00134773584,119162.77519500756
1678,heterogen,70160.7075040626,81105.10075932182
1679,mitig_measur,74549.73310417231,73410.74284336451
